tweet,label
@LisaAmartatara3 @fadlizon Yg dibangga banggain sama Buzzer Cendana yah cuman 2 orang\n1) Alm Soeharto\n2) Anies Baswedan\nYg lain lewat....hehe,1
RT @RustamIbrahim: POLLING: Dari 4 gubernur di Jawa Ridwan Kamil Anies Baswedan Ganjar Pranowo dan Khofifah Indar Parawansa menurut pen\u2026,1
ojok ampe Anies Baswedan menikmati hsil proyek d Monas yng penuh kejanggalannya. #UsutSkandalMonasGate,1
RT @ghanieierfan: Pertemuan sangat mengharukan @aniesbaswedan dgn Ny. Tsuneo Yamada orang tua angkat goodbener saat Kuliah di Sophia Unive\u2026,0
RT @SebastianTeza: jangn nympek Anies Baswedan menikmati hsl proyek d Monas yg penuh kejanggalannya. #UsutSkandalMonasGate,1
RT @TamaStefan: janganlah mencapai anies baswedan menikmati produk cetak biru di monumen nasional nan tumpat kejanggalannya. #UsutSkandalMo\u2026,1
RT @AriestaRiico: Niat mau cari prestasi ternyata malah cara  Ilegal Anies Baswedan Kuasai Monas Melalui Revitalisasi\n#UsutSkandalMonasGate\u2026,1
janganlah berbatas anies baswedan menikmati rakitan cetak biru di monumen nasional nan memadai kejanggalannya. #UsutSkandalMonasGate,1
RT @SantoroTahir: jagan nyampe Anies Baswedan menikmati hsil proyek d Monas yg penuh kejanggalannya. #UsutSkandalMonasGate,1
ojok mpe Anies Baswedan menikmati hsil proyek d Monas yng penuh kejanggalannya. #UsutSkandalMonasGate,1
RT @PutraNafil: ojok mpe Anies Baswedan menikmati hsil proyek d Monas yng penuh kejanggalannya. #UsutSkandalMonasGate,1
janganlah datang anies baswedan menikmati buatan desain di monumen nasional nan tamam kejanggalannya. #UsutSkandalMonasGate,1
jagan nyampe Anies Baswedan menikmati hsil proyek d Monas yg penuh kejanggalannya. #UsutSkandalMonasGate,1
RT @NurulllPutrii: ojok ampe Anies Baswedan menikmati hsil proyek d Monas yng penuh kejanggalannya. #UsutSkandalMonasGate,1
Anies Baswedan : Jakarta dan Bekasi Saling\u00a0Menopang https:\/\/t.co\/8zD8zrKdr4 https:\/\/t.co\/61US8ni4Sm,0
jangn nympek Anies Baswedan menikmati hsl proyek d Monas yg penuh kejanggalannya. #UsutSkandalMonasGate,1
RT @Penyuka_ombak: Lohh...kenapa jd begini ya??\n\nJangan2 Pohon mahoni yg di tebang itu sudah ada yg order.nilai nya hampir 12 M gaess stela\u2026,1
janganlah berbatas anies baswedan menikmati produk rencana di monumen nasional nan purnama kejanggalannya. #UsutSkandalMonasGate,1
ojok nyampe Anies Baswedan menikmati hsil proyek d Monas yg penuh kejanggalannya. #UsutSkandalMonasGate,1
RT @Ngancel45: Tadinya mau bangun citra baik dan bikin beautifikasi tapi tata aturan ditabrak komunikasi buruk. Ini bukit ketidakseriusan\u2026,1
RT @geiszchalifah: Banjir di Bekasi Anies yg disalahkan. Oleh mrk para udik yg tak faham peta Jakarta. \nKali ini Pemrov DKI bangun dua flyo\u2026,1
janganlah berbatas anies baswedan menikmati produk desain di monumen nasional nan maksimum kejanggalannya. #UsutSkandalMonasGate,1
ojo nympek Anies Baswedan menikmati hsl proyek d Monas yg penuh kejanggalannya. #UsutSkandalMonasGate,1
RT @aniesupdatenews: Anies Baswedan Resmikan 2 Flyover di Bekasi Senilai Rp420 Miliar\n\nBukan Bekasi penyangga Jakarta tapi Jakarta juga pe\u2026,0
janganlah datang anies baswedan menikmati buatan desain di monumen nasional nan tumpat kejanggalannya. #UsutSkandalMonasGate,1
RT @valencia_vic66r: Permasalahan Monas akibat Anies Baswedan tidak mengerti tata kelola wilayah .. \n\n#UsutSkandalMonasGate https:\/\/t.co\/BM\u2026,0
jngan nympek Anies Baswedan menikmati hsil proyek d Monas yg penuh kejanggalannya. #UsutSkandalMonasGate,1
RT @JennitaLala: ojo nyampe Anies Baswedan menikmati hsl proyek d Monas yng penuh kejanggalannya. #UsutSkandalMonasGate,1
janganlah datang anies baswedan menikmati produk desain di monumen nasional nan kaya kejanggalannya. #UsutSkandalMonasGate,1
@musniumar @googlenews Timpang tindih kepentingan dan tdk jelasnya tata kelola seputaran Monas dijadikan senjata utk membunuh karakter Anies Baswedan......,1
RT @LafizaJ: janganlah datang anies baswedan menikmati produk pesanan di monumen nasional nan pol kejanggalannya. #UsutSkandalMonasGate,1
RT @PutriiiIndaah: janganlah datang anies baswedan menikmati produk desain di monumen nasional nan kaya kejanggalannya. #UsutSkandalMonasGa\u2026,1
Mantap kan https:\/\/t.co\/J5U8tjT67X,0
RT @PutriAlison: janganlah datang anies baswedan menikmati buatan desain di monumen nasional nan tumpat kejanggalannya. #UsutSkandalMonasGa\u2026,1
jngn ampe Anies Baswedan menikmati hsil proyek d Monas yg penuh kejanggalannya. #UsutSkandalMonasGate,1
janganlah mencapai anies baswedan menikmati produk cak order di monumen nasional nan sempurna kejanggalannya. #UsutSkandalMonasGate,1
RT @RGFansclub2019: Ketentraman berwarganegara hilang. Keadilan hukum HAM kepekaan sosial &amp rentetan lainnya hancur. Solusi dari segala\u2026,0
RT @subhanmaulana55: janganlah berbatas anies baswedan menikmati produk desain di monumen nasional nan maksimum kejanggalannya. #UsutSkanda\u2026,1
RT @arilestari61: Semoga kali ini kena batunya n gak bisa lolos lagi!!!!\n\nhttps:\/\/t.co\/0rUlvQCFdS https:\/\/t.co\/LnbxZoGPZW,0
RT @anangfirmansss: ojok nyampe Anies Baswedan menikmati hsil proyek d Monas yg penuh kejanggalannya. #UsutSkandalMonasGate,1
RT @julietrohman2: janganlah berbatas anies baswedan menikmati produk rencana di monumen nasional nan purnama kejanggalannya. #UsutSkandalM\u2026,1
djangan ampe Anies Baswedan menikmati hsil proyek d Monas yng penuh kejanggalannya. #UsutSkandalMonasGate,1
RT @oktavinia: janganlah datang anies baswedan menikmati buatan desain di monumen nasional nan tamam kejanggalannya. #UsutSkandalMonasGate,1
RT @AndrCici: janganlah berbatas anies baswedan menikmati rakitan cetak biru di monumen nasional nan memadai kejanggalannya. #UsutSkandalMo\u2026,1
RT @regi_dian: janganlah datang anies baswedan menikmati buatan desain di monumen nasional nan tumpat kejanggalannya. #UsutSkandalMonasGate,1
RT @AlanPradipto: janganlah datang anies baswedan menikmati rakitan proposal di monumen nasional nan peres kejanggalannya. #UsutSkandalMona\u2026,1
RT @AkbariRonako: jgn sampek Anies Baswedan menikmati hsil proyek d Monas yg penuh kejanggalannya. #UsutSkandalMonasGate,1
RT @RozerGilang: janganlah mencapai anies baswedan menikmati rakitan rencana di monumen nasional nan kancap kejanggalannya. #UsutSkandalMon\u2026,1
RT @SyandanaTaki: janganlah datang anies baswedan menikmati buatan desain di monumen nasional nan tamam kejanggalannya. #UsutSkandalMonasGa\u2026,1
RT @RGFansofficial: Ternyata ini produk pangan yg disubsidi oleh anies\n1.Beras 30rb\/5kg\n2.Daging sapi 35rb\/kg\n3.Telur ayam 10rb\/tray\n4.Dag\u2026,0
RT @NatasyaElviraS: janganlah berbatas anies baswedan menikmati produk desain di monumen nasional nan padat kejanggalannya. #UsutSkandalMon\u2026,1
RT @RatnaDedw: janganlah datang anies baswedan menikmati rakitan proposal di monumen nasional nan peres kejanggalannya. #UsutSkandalMonasGa\u2026,1
RT @RosaAprilliaa: jgn sampek Anies Baswedan menikmati hsil proyek d Monas yg penuh kejanggalannya. #UsutSkandalMonasGate,1
Jangan sampai Anies Baswedan menikmati hasil proyek di Monas yang penuh kejanggalannya. #UsutSkandalMonasGate,1
Apakah Bekasi sudah masuk Jakarta sehingga peresmiannya dilakukan oleh gubernur Jakarta? Terlepas proyek tersebut menggunakan dana hibah Pemprov DKI tapi bukan berarti Bekasi bagian dari DKI bukan?\n\n@ridwankamil @aniesbaswedan\nhttps:\/\/t.co\/sN5Rp3Xov0,0
RT @Heru_Catur: @eko_kuntadhi Gak level Gubenur loe sandingkan sama Raja  \nyang pantas Presiden 2024 vs  Presiden 2020 \ud83e\udd2d\n\nKita bikin polli\u2026,1
@RizmaWidiono Anies ras edan,1
RT @mas__piyuuu: Monas Akan Dibuat Sekelas Dengan Menara Eiffel Anies Malah Dihujat https:\/\/t.co\/E3UB9wpTwc https:\/\/t.co\/5Fkzoavn2m,0
RT @KadrunHunter99: Awas..ada gerakan Kampret Gurun sedang berusaha mengalihkan isu Skandal MonasGate untuk melindungi Anies dari perbuatan\u2026,1
@ArnoldBelau Bu Menteri mingkem bae\nMalah nyerang Anies,1
RT @seruanhl: Menanam kembali pohon mungkin saja itu solusi yg tepat. Tapi bukan berarti @aniesbaswedan dan jajaran pemprov @DKIJakarta seb\u2026,0
RT @miauwww08: Ashes to ashes dust to dust\nBerawal dr Monas berakhirnya di Monas juga\nGimana Drun enak tho makan buah KARMA? \ud83d\ude0a\ud83d\ude0a\n\nKarma g\u2026,1
RT @musniumar: Sy akan terus bela Anies krn terus dizalimi. Byngkan td mlm saat jeda dlm talk show dua sisi di TV ONE slh seorg Narsum ber\u2026,0
RT @autumnove: Skenario yang SANGAT JAHAT terhadap seseorang yang pro rakyat kecil dan berani melawan cukong \ud83d\ude24\ud83d\udc4a\ud83c\udffb @aniesbaswedan \n\n\u0648\u064e\u0645\u064e\u0643\u064e\u0631\u064f\u0648\u2026,1
@ganafmargi @ApriliaLin Gw apresiasi bpk surya paloh dgn restorasinya Niat merangkul Anies agar rakyat tdk terpolarisasi adlh mulia... Tp jgn ada drama 2024 di  media group... Karena Bersma Anies target Nasdem pemenang pemilu di 2024 cmn akan jadi cita\u201d semu,0
RT @Aryprasetyo85: #UsutSkandalMonasGate\nRevitalisasi Monas Bukti Anies Bohong Terkait Naturalisasi dan Tak Perduli Banjir Jakarta?\n\nKita t\u2026,1
RT @haikal_hassan: Munculnya sekelompok manusia bayaran yg tiba2 ingin lengserkan Anies telah membuat popularitas gubernur terbaik kelas du\u2026,1
RT @CH_chotimah: Katanya ga akan fokus bangun benda mati tp nyatanya benda hidup ditebangi.\nKatanya kalo bangun kota yg megah Firaun juga b\u2026,1
Persamaan pak Anies dan pak Jokowi adalah keduanya harus bersih2 tim dan gerbongnya. https:\/\/t.co\/MIHhiWSLcj,0
RT @Dwiyana_DKM: Anies memang terbukti TIDAK MAMPU membangun Jakarta kearah yg lebih baik dr pendahulunya. \nKarena setiap ide yg keluar dar\u2026,1
RT @AriestaRiico: Walhi Demo Revitalisasi Monas Tuntut Anies Tanam 190 Pohon\n#UsutSkandalMonasGate https:\/\/t.co\/43JlrvG5qW,0
RT @RadenSyuhada8: Pemegang Rekor Gubernur DKI  terbanyak tebang POHON \ud83d\udc47\n\nJoko : 1500 pohon\nAhoax : 2550 pohon\nAnies : 205 pohon\n\nThe winne\u2026,1
RT @jumianto_RK: Yg nebang pohon proyek revitalisasi di kawasan monas bukan kontraktor PT. Bahana Prima Nusantara melainkan Dinas kehutana\u2026,0
RT @Reiza_Patters: Walkot Bekasi Minta Bantuan Anies untuk Bangun Tanggul Antisipasi Banjir https:\/\/t.co\/VKwGwkVMHx\n\nMas Goodbener @aniesba\u2026,0
RT @KadrunHunter99: Wahaye Wahaye..\n\nMungkin kalau yg melakukan kesalahan fatal ini bukan dari kelompok sebelah Demonya pasti berjilid2..\u2026,1
RT @Dwiyana_DKM: Banjir di jalan utama : urusan pusat \n\nBanjir dipemukiman : urusan warga\n\nPertanggung jawaban anggaran : urusan SKPD\n\nBagi\u2026,0
@RadenSyuhada8 Pasti nya Anies sandi jkt di di pimpin adem ayem aza\n#JKWHancurkanIndonesia,0
RT @WahabisLokal: Ngakak yooo...\n\nKwAk KwAk KwAk\ud83d\ude01\ud83d\ude01\ud83e\udd23\nJika Walhi ngoceh ginian tentang Anies\n\nWis...\nHora usah dipercoyo.\n\nSinetronan\ud83d\ude01\ud83d\ude01\ud83d\ude01\ud83e\udd23\n#U\u2026,1
RT @CH_chotimah: Enak ya jawabnya gampang 4nies tinggal kirim surat.\nCoba kalo Ahok pasti akan demo berhari2.\nP3njarakan Ahok Krn sdh mel\u2026,1
RT @mas__piyuuu: Penebangan Pohon DULU TIDAK DIPERSOALKAN.. KENAPA KETIKA ANIES DIPERSOALKAN??? https:\/\/t.co\/O4Qs6m5vap https:\/\/t.co\/wF3Ups\u2026,1
RT @valencia_vic66r: Usut tuntas skandal revitalisasi Monas oleh Pemprov DKI Jakarta Anies Out !\n#UsutSkandalMonasGate https:\/\/t.co\/yqoHga\u2026,0
RT @marlina_idha: Gubernur DKI JKT @aniesbaswedan  meresmikan dua jln layang  flyover Cipendawa &amp Rawa Panjang.\n\nUcapan terimakasih dr Wal\u2026,0
RT @__hacknet71: Please Jangan RT ya takut ada yang kejang kejang baca berita beginian ..\n\nRevitalisasi Ternyata Anies Ingin Jadikan Monas\u2026,0
RT @valencia_vic66r: Akal Bulus Anies ..\n#UsutSkandalMonasGate https:\/\/t.co\/CBZd2EanQp,1
@helmifelis Pilpresnya 2024 tp pembusukkan ke anies udah mulai.\n#LanjutkanRevitalisasiMonas,1
RT @WahabisLokal: Monas Karya Besar Bapak Proklamator Kita.\nIr Soekarno\n\nCatat yak....!\nMain2 dg Monas akan tergilas.\n\nGusti Mboten Sare\n#U\u2026,1
@davidridwanbetz @sandiuno @aniesbaswedan Cukong paling Benci sm anies Gegara reklamasi di stop.\n\nBila anies jd RI1 apa ada jaminan penggantinya bisa kek anies.,1
RT @katiktubin: @BuReTe_2 @mas__piyuuu Harusnya anies jadi gubernur Indonesia,0
@RizmaWidiono @DivHumas_Polri @poldametrojaya Si Anies aja di tangkap dan penjarakan  biar gk seenak dengkul gobbloookk,1
@geiszchalifah Pembangunan era Anies itu lebih kepada kepentingan masyarakat banyak yg di bangun gratis utk rakyat karena memang uang nya dr rakyat. \nBeda dgn yg ono pembangunan nya lebih kpd kepentingan &amp keuntungan para cukong .\nMakanya Anies selalu di downgrade,1
RT @idtodayco: Media Bungkam Tutupi Dampak Banjir Jateng Apakah Karena Gubernurnya PDIP?\nhttps:\/\/t.co\/8X5oamY3ep,0
RT @rmol_id: Calon Ibukota Dilanda Banjir Warganet: Mau Pindah Lagi Pakde? #IbukotaBaru #PenajamPaserUtara #RepublikMerdeka https:\/\/t.co\/D\u2026,0
RT @OnlineFpi: FPI Bondowoso Gerak Cepat Bantu Warga Terdampak Banjir Bandang Ijen https:\/\/t.co\/Tz9XtqDSNW https:\/\/t.co\/VlVrh4ojqw,0
Update Pembuatan Rumah Huntara Untuk Korban Banjir Oleh Relawan SIGAP Di Kp Cigobang Lebak Banten https:\/\/t.co\/rolPuutS88,0
Banjir Besar Landa Kawasan 'Ibu Kota Baru' Penajam Paser Utara Sekolah Diliburkan https:\/\/t.co\/UZDgw7Qn2W,0
BPBD Kesulitan Bersihkan Material Banjir Bandang Blitar https:\/\/t.co\/PIm322wMkx lewat @Kanalindonesia.com,0
Calon Ibu Kota Baru Banjir Netizen: Mau Pindah Lagi Pakde? https:\/\/t.co\/2qOOkc4qkL,0
RT @AnakLolina: \ud83e\udd26\ud83e\udd26\ud83e\udd26\n\nTim hore tukang puji &amp tepuk tangan memuji gabener gak tanggung2 \Daya pikir melampaui cara berpolitik krn Anus org\u2026,1
RT @ridwanGaptek: Ini beritanya https:\/\/t.co\/74GRr7vR3X,0
RT @tppkemendes: Silaturahmi  Menteri Desa PDTT Gus @halimiskandarnu\n &amp Wamen dgn slrh Pegawai Kemendes dlm rangka\n\Penguatan Reformasi Bir\u2026,0
RT @yanti_rakhman: TPP Sumsel Peduli Sosial memberikan bantuan utk Korban Banjir Bandang &amp Tanah  Longsor di Kec. Kikim Timur Kab. Lahat 1\u2026,0
RT @renandabachtar: Ibukota pindah untuk penuhi janji ketika menjadi Gubernur DKI yg janjikan Ibukota RI tidak akan banjir jika beliau jadi\u2026,1
Update Pembuatan Rumah Huntara Untuk Korban Banjir Oleh Relawan SIGAP Di Kp Cigobang Lebak Banten https:\/\/t.co\/nmWeGQ8Vi7,0
Banjir Besar Landa Kawasan 'Ibu Kota Baru' Penajam Paser Utara Sekolah Diliburkan https:\/\/t.co\/gftT2iNVsl,0
Gubernur Sumatera Utara (Sumut) Edy Rahmayadi meninjau lokasi banjir bandang di Kecamatan Barus Tapanuli Tengah (Tapteng) Kamis (30\/1\/2020).\n#Gubernur #Sumut #EdyRahmayadi #Tapanuli https:\/\/t.co\/Dv7773Jsf1,0
#Gowatamapan #DPRDDKIJakarta #Muchlis Legislator DKI Jakarta Pelajari Penanganan Banjir di Gowa https:\/\/t.co\/PzhiLqt7FX https:\/\/t.co\/s9pAxEQQGf,0
RT @KheyLa24: Calon bakal lokasi Ibukota baru kena banjir juga apa lokasi bakal di pindah lagi Pakde @jokowi?\n\n#100HariKerjaAmbyar\n#100Har\u2026,0
RT @NewsKotaBatik: Bupati Batang Cek Lokasi Bendung Glasing Desa Siberuk Yang Jebol Akibat Banjir https:\/\/t.co\/K08wQGpTqQ,0
Akibat banjir bandang di Bondowoso menyebabkan 12 sekolah terendam lumpur. Sehingga aktivitas belajar mengajar terpaksa dihentikan sementara. https:\/\/t.co\/cyUxgNIgX0,0
Nagara Nusa Rimba Kebanjiran Warganet:  Semua Salah Anieslah... -\nhttps:\/\/t.co\/eGwN9sucmZ #IbukotaBaru #banjir @aniesbaswedan @PKSejahtera @Demokrat_TV @Gerindra @jansen_jsp @zarazettirazr https:\/\/t.co\/gygpD5dBCn,1
RT @Riri_Febri17: Kabar tidak sedap datang dari calon ibukota baru Penajam Paser Utara Kalimantan Timur. Pasalnya masalah akut yang terj\u2026,0
Ramalan Cuaca: Hujan Lebat Februari-Maret 10 Provinsi Waspada Banjir  #TauCepatTanpaBatas #BeritaTerkini #Berita #News #BeritaNasional . https:\/\/t.co\/wacTU3g2Cl,0
RT @selasardotco: Hujan deras yang mengguyur lokasi calon ibu kota baru sejak Kamis (30\/1\/2020) pagi di Desa Bumi Harapan Kecamatan Sepak\u2026,0
Waspada Banjir Hingga Jumat-Minggu Kalteng Berpotensi Hujan\u00a0Lebat https:\/\/t.co\/rsqJpu3yZM https:\/\/t.co\/D25TrmNGS2,0
Banjir di Padangsidimpuan Rendam 3 Desa hingga Hancurkan Jembatan Penghubung #TauCepatTanpaBatas . https:\/\/t.co\/Pb4EFLFM3c,0
RT @geloraco: Maruf Amin Minta Ribuan Warga Lebak Pasrah dan Terima Musibah Banjir\nhttps:\/\/t.co\/syHFM9LZ5j,0
Perbaikan Rumah dan Infrastruktur Jadi Prioritas Gubernur Langsung Tinjau Lokasi Banjir Bandang\u00a0Tapteng https:\/\/t.co\/vJnz3iARpP https:\/\/t.co\/CZWGTV8Bda,0
Perbaikan Rumah dan Infrastruktur Jadi Prioritas Gubernur Langsung Tinjau Lokasi Banjir Bandang\u00a0Tapteng https:\/\/t.co\/IeR99hT4gR https:\/\/t.co\/XmU8n7cIOM,0
RT @PutraErlangga_: Ini Pertanyaan Yang Sangat Serius Dan Mantul Menurut Gw Coba Kalau Gubnye @aniesbaswedan Bakal Digoreng Media Tujuh H\u2026,0
Warga Keluhkan Banjir Mengendap di Jalan\u00a0Soeta https:\/\/t.co\/J9371L2IFj https:\/\/t.co\/8eCJSLRm0h,0
RT @2Malbarra: Mudah\u00b2an pak... Tapi itu janji utang  lho bukan nya dulu juga masih banyak janji yg belum dipenuhi ataupun dituntaskan? Ja\u2026,0
Pemkot Bangun Tanggul Baru Cegah Banjir di Sumberejo Pakal https:\/\/t.co\/iRBJ357GFK,0
Banjir bandang yang menerjang dua desa di Kecamatan Ijen Kabupaten Bondowoso Jawa Timur Rabu siang 29 Januari 2020 menerjang ratusan rumah warga. Banjir diduga imbas kebakaran hutan dan lahan. \n\nSelengkapnya di https:\/\/t.co\/pV8sPRHXgu https:\/\/t.co\/5xS6xu3rYr,0
Banjir Lumpur Menerjang Beberapa Pemukiman di Bondowoso \n\n https:\/\/t.co\/iG9VKZEUdz https:\/\/t.co\/65ZJ1UYfxd,0
Pada hari Jumat tanggal 31 Januari 2020 pukul 10.00 wib Kapolsek Sorkam Iptu Sumarno bersama Komunitas GANGSENYUM Sibolga menyerahkan bantuan sosisl kepada korban banjir bandang Ds. PO Sigarap dan Ds. Sipakpahi Kec. Pasaribu Tobing.\nSituasi aman dan baik. https:\/\/t.co\/JDYQNSZvwd,0
BERITA SAHAM JUMAT 31\/01\/2020 \u2013 ADIRA INSURANCE AJAK MASYARAKAT ANTISIPASI PENYAKIT SETELAH BANJIR https:\/\/t.co\/eAO1TKrsmc - #Berita #Forex #Analisaforex #forextrading #Bisnis #Saham,0
Penyerahan bantuan popok bayi pakaian layak pakai dan barang kebutuhan pokok dari #brigadepenolong13 #Kwardajatim kepada korban banjir bandang Bondowoso Jumat (31\/1\/2020)\n.\n#pramukajatim #GerakanPramuka #jatimguyub https:\/\/t.co\/hmmYMLVD3o,0
RT @Didifathur: Jauhkan negeri kami dari cuaca \ekstrim\ yang berdampak musibah banjir,0
RT @conan_idn: Pak De @jokowi coba dong dipikir baik2. Banjir Jakarta solusinya bukan pindah bin kabur akhirnya Banjir juga disana.\nMasa ka\u2026,0
Apoy Wali Band Ponpesnya Diterjang\u00a0Banjir https:\/\/t.co\/X4umISatDP https:\/\/t.co\/kAe0ww7DgA,0
Apoy Wali Band Ponpesnya Diterjang\u00a0Banjir https:\/\/t.co\/XQv5WkEcJi https:\/\/t.co\/sznGZZXIDt,0
RT @AliexSmart: Ingat dan catat ya...!!!\n\nhttps:\/\/t.co\/LfQBByBkRo,0
Aksi #BrigadePenolong1313 dan Tim Pramuka Peduli @KwarcabProboli1 di lokasi banjir bandang di Kabupaten Bondowoso Jumat (31\/1\/2020)\n#brigadepenolong13 #kwardajatim https:\/\/t.co\/utPvIdGOiV,0
RT @KakekHalal: Korban meninggal 56 orang karena Virus Corona di China mereka bilang AZAB.\nKorban meninggal 67 orang karena banjir 2020 di\u2026,1
RT @hum_initiative: [Tempat Singgah untuk Terdampak Banjir]\u2063\n\u2063\nSahabat Inisiator \u2063\nDerasnya hujan yg turun di wilayah Jabodetabek dan Leba\u2026,0
Denger denger di Bandung lagi banjir ya?? Kok engga semasif banjir di Jabodetabek ya beritanya padahal banyak saudara kita yang mungkin sangat membutuhkan uluran tangan kita.\n\nCc:\n@panca66 \n@DonAdam68 \n@msaid_didu \n@jansen_jsp,0
RT @alva_roe_lee_: Tinggi Air di Katulampa Normal \n\nTapi Hujan Deras Buat Jakarta Banjir\n\nhttps:\/\/t.co\/rG7brCg5Jd,0
\#Kemanusiaan Sahabat,0
Harga fantastis kualitas 0 besar\n\nhttps:\/\/t.co\/iUfXmHinAS,0
RT @kantayu: Hahahaha.....\n\nMau salahkan siapa lagi sekarang ?????\n\nNormalisasi \nNaturalisasi\nKeruknisasi got\nKeruknisasi sungai\nApa\nBacotn\u2026,1
Diskusi Identifikasi dan Solusi Banjir Jabodetabek #IATPI https:\/\/t.co\/eG053IA8am,0
RT @FerdinandHaean2: Tinggi Air di Katulampa Normal Tapi Hujan Deras Buat Jakarta Banjir.\n\nArtinya bahwa sistem drainase Jakarta tidak be\u2026,0
Dalam skala kecil tragedy of the common Jabodetabek telah berubah menjadi theatre of death karena banjir besar Jabodetabek selalu menelan korban jiwa.\n\n#Opini #AdadiKompas\nBaca \u27a1 https:\/\/t.co\/21riaG7PHZ https:\/\/t.co\/xFv0iX76e7,0
RT @ShopeeID: Sobat Shopee! Yuk berdonasi untuk korban banjir di Jabodetabek melalui Shopee Untuk Negeri. Caranya gampang banget! Tinggal p\u2026,0
Kamu harus cek jaminan polis asuransi milikmu. Biasanya polis dasar asuransi  tidak jamin banjir.\u2060 Trus gimana dong?\n\n\u2060\nPilih MNC Total Care!\n\n#MNCTotalCare jamin resiko mobil kena banjir plus dapat fasilitas derek di jabodetabek tanya kami skrg di 1500899 (tekan 2)\u2060. https:\/\/t.co\/oh3JEXPHRo,0
RT @hariankompas: Dalam skala kecil tragedy of the common Jabodetabek telah berubah menjadi theatre of death karena banjir besar Jabodetabe\u2026,0
RT @mnc_insurance: Kamu harus cek jaminan polis asuransi milikmu. Biasanya polis dasar asuransi  tidak jamin banjir.\u2060 Trus gimana dong?\n\n\u2060\u2026,0
LAPORAN DONASI \u2063\nMPD Peduli Banjir Jabodetabek | 2020\u2063\n\u2063\nAlhamdulillah telah terkumpul :\u2063\nRp 25.297.971-\u2063\n\u2063\nSemua sudah kami salurkan via Yayasan Peduli Muslim.\u2063\n\u2063\nKami ucapkan JAZAAKUMULLAHU KHAIRAN kepada segenap\u2026 https:\/\/t.co\/y4Uug0apox,0
RT @LAZISMU: SMP SMK dan SMA Putra Bangsa Depok menyalurkan donasi untuk warga terdampak banjir di kawasan Jabodetabek dan sekitar melalu\u2026,0
Datsun berikan diskon  35% untuk suku cadang dan 45% biaya jasa kepada para pelanggan setia yang terdampak banjir. Kamu bisa mendatangi dealer Nissan-Datsun di wilayah Jabodetabek Serang Karawang dan Bandung. Promo diskon berlaku hingga 10 Maret 2020. #BeALifeAchiever https:\/\/t.co\/zeKnmij1UH,0
Hasil karya santri tahfiz Al kautsar..\n\nKarna melihat banyak terjadi banjir di jabodetabek jadilah kapal ini...\n\nTahfiz Alkautsar pusat BOGOR. https:\/\/t.co\/XmbGLGkzPK,0
RT @ID_Datsun: Datsun berikan diskon  35% untuk suku cadang dan 45% biaya jasa kepada para pelanggan setia yang terdampak banjir. Kamu bisa\u2026,0
RT @BankMuamalat: Mari ringankan beban saudara2 kita yg terdampak banjir &amp longsor di Jabodetabek dan Lebak Banten dgn berdonasi melalui B\u2026,0
Kejadian di bulan januari 2020\n1. Banjir melanda jabodetabek\n2. Munculnya keraton sejagat\n3. Munculnya sunda empire\n4. Muncunlnya king of the king\n5. Munculnya virus corona sedunia\n\n #KingOfTheKing \n #ChinaVirusSesungguhnya,0
@qorygore Di awal bulan tahun 2020\n1.  banjir jabodetabek\n2. iran vs amerika isu WW3\n3. Natuna vs china\n4. Kebakaran australia\n5. corona di wuhan #WuhanVirus \n6. Rip kobe bryant #RIPKobeandGianna \n.\nSemoga bumi yang kita cintai segera baik baik saja dan sehat slalu #bacotsantuy,0
FGD Penguatan Ekosistem Mitigasi Banjir Jabodetabek. https:\/\/t.co\/qwjBRFDPqL,0
#SahabatDipi Banjir Jabodetabek\/Jakarta 2020 yang terjadi pada beberapa waktu lalu adalah bencana banjir yang melanda DKI Jakarta Bogor Depok Tangerang Bekasi dan sejumlah di daerah lain Pulau Jawa sejak 1 Januari 2020 setelah Tahun Baru. Banjir terjadi akibat curah hujan. https:\/\/t.co\/wxOUIF2ONq,0
Inilah cara yang dapat kita lakukan untuk mengurangi dampak banjir dan bahkan bisa mengurangi intensitas banjir di Jabodetabek #SahabatDIPI #Banjir2020 #KnowledgeManagementCenter #Bappenas https:\/\/t.co\/kFGLpt78hf,0
#SahabatDipi Jabodetabek masih diguyur hujan untuk beberapa hari ini. Nah kali ini KMC Dipi Bappenas mencoba mengemas Analisa mengenai Banjir Jabodetabek 2020. Faktor apa yang membuat Jabodetabek khususnya Jakarta Banjir beberapa saat yang lalu bahkan hingga hari ini. https:\/\/t.co\/7LRu5Y8isq,0
NISSAN MENAWARKAN DUKUNGAN LAYANAN KEPADA PELANGGAN DI DAERAH JABODETABEK DAN SEKITARNYA YANG DI LANDA BENCANA BANJIR https:\/\/t.co\/LZezxAQYAs https:\/\/t.co\/2M2lH5sF0W,0
@Asknonym Kalo dom Jabodetabek mending Pajero.\nBodinya tinggi enak buat trabas banjir\ud83d\ude02,0
@SCTV Tenang pak netizen gak ngritik dan sumpah serapah kok kecuali banjir di Jabodetabek hiks,0
RT @dwiko_rita: FGD Penguatan Ekosistem Mitigasi Banjir Jabodetabek. https:\/\/t.co\/qwjBRFDPqL,0
\u2022Banjir JABODETABEK\n\u2022Tiktok\n\u2022Ningsih Tinampi\n\u2022Keraton Agung Sejagat\n\u2022Sunda Empire\n\u2022Virus Corona\n\nMana yang akan jadi TOP VIRAL d bulan Januari ini? \ud83e\udd14,0
Dalam sukacita merayakan Natal tidak lupa kita juga tetap berempati kepada saudara2 kita yang mengalami musibah pada berbagai korban bencana alam termasuk yang paling terakhir korban banjir Jabodetabek Banten &amp daerah sekitar di Indonesia. #sahabatbagisemua #natalparlemen2019,0
RT @TampaIdentitass: Dalam sukacita merayakan Natal tidak lupa kita juga tetap berempati kepada saudara2 kita yang mengalami musibah pada\u2026,0
termasuk yang paling terakhir korban banjir Jabodetabek Banten dan daerah sekitar di Indonesia\u201d ucap Mercy di Komplek Parlemen Senayan Jakarta Selasa (28\/1\/2020).\n#sahabatbagisemua #natalparlemen2019 @MahesaTiwi  @anandao28  @MasCEPUK_ID  @Ello_gulai,0
RT @makLambeTurah: @msaid_didu @aniesbaswedan 2 kali banjir trakhir saja katulampa normal. emang aer kiriman dari mane??\n\n18 jan katulampa\u2026,0
DKI dan Pusat kerap tak cocok soal skema mulai dari banjir hingga revitalisasi Monas. https:\/\/t.co\/1W5dbcQEdi,0
RT @republikaonline: DKI dan Pusat kerap tak cocok soal skema mulai dari banjir hingga revitalisasi Monas. https:\/\/t.co\/1W5dbcQEdi,0
Dalam rangka kegiatan Gunadarma Peduli pada tanggal 3 Januari - 10 Januari 2020. Kami mengadakan penggalangan dana untuk korban banjir Jabodetabek dan menyalurkan bantuan berupa bahan pangan  baju yang layak pakai dan air bersih.,0
Tren JANUARI 2020 Mulai awal tahun jabodetabek dilanda banjir sampe muncul sunda empire https:\/\/t.co\/vunPNcF0CU,0
RT @bbtmc_bppt: TMC untuk cegah banjir Jabodetabek\n @BPPT_RI @TPSA_BPPT \n\nhttps:\/\/t.co\/vmhjFp0Nme,0
RT @BPPT_RI: 2. Pelaksanaan TMC di wilayah Jabodetabek dilakukan oleh BPPT bekerjasama dengan @_TNIAU  dan @infoBMKG  sebagai tindak lanjut\u2026,0
Mugo mugo jabodetabek ra banjir\ud83d\ude4f,0
@Aldysuhanda1 Baru januari dunia udah banyak huru hara :((\nKonflik USA\/Iran\nBanjir ibu kota &amp JABODETABEK\nVirus korona\nBanjir bandang bondowoso\nMuncul banyak kerajaan baru \nDll\nSemoga ini semua bukan pertanda dunia akan segera berakhir Aminnn,0
Cara Mengurus STNK dan BPKB Hilang Banjir atau Rusak\n\nMengurus STNK dan BPKB hilang\u00a0banjir - Hujan deras yang mengguyur Jabodetabek di awal tahun 2020 membuat beberapa daerah terendam banjir dengan tingkat ketinggian yang bervariasi. Banyak daerah yang t\u2026 https:\/\/t.co\/gIltSS8bdM,0
Cara Klaim Asuransi Mobil Banjir\n\nCara klaim asuransi mobil banjir - Awal tahun 2020 lalu hujan deras yang terus mengguyur Jabodetabek selama beberapa hari menyebabkan banjir di berbagai titik. Ketinggiannya bervariasi. Ada yang hanya sebatas mata kaki\u2026 https:\/\/t.co\/fHENcG14C8,0
RT @KementerianLHK: Selamat pagi #SobatHijau @infobmkg memberi info adanya potensi hujan lebat di Jabodetabek mulai hari ini sampai akhir\u2026,0
RT @republikaonline: Gemilang Indonesia bersama Komunitas Tangan di Atas dan lainnya bantu warga. https:\/\/t.co\/caFFCRO29h,0
Tidak cukupkah kita mengawali awal tahun 2020 dengan berbagai macam tragedi banjir di jabodetabek kebakaran di Australia Banjir bandang di beberapa daerah climate change di eropa erupsi gunung di philiphina dan epidemi virus corona di china.\n\n#CoronaVirus,0
Daya Insani Turut Berduka atas bencana Banjir yang menimpa sejumlah wilayah di JABODETABEK. Semoga yang rusak mendapatkan yang lebih baik dan yang ditinggalkan diberikan kelapangan hati. https:\/\/t.co\/8pYVppcXJx,0
BMKG menyebut sejumlah wilayah di Indonesia berpotensi mengalami hujan.  https:\/\/t.co\/HbVF0xZKnJ,0
\u201cForum Komunitas Bikers Jabodetabek Peduli Bencana Banjir dan Longsor Lebak Banten\u201d by Adi\u00a0Pro https:\/\/t.co\/Bwfj88e3IM https:\/\/t.co\/YZPtYOmJfz,0
5. #KLHK akan terus melakukan langkah-langkah terukur untuk mengatasi banjir di wilayah Jakarta Bogor Depok Tangerang dan Bekasi (Jabodetabek) juga Kabupaten Lebak.,0
RT @KementerianLHK: 5. #KLHK akan terus melakukan langkah-langkah terukur untuk mengatasi banjir di wilayah Jakarta Bogor Depok Tangeran\u2026,0
Banjir jabodetabek World war 3 Australia wildfire kobe bryant meninggal virus corona.\nAhh what a good way to start the year.,0
RT @henrijova: Selamat ya\nWarga Jakardah sudah pny tiang toa peringatan banjir \nWkwkwkkk\n\ud83d\ude02\ud83d\ude02\n.\nTelan Dana Rp 4 M BPBD DKI Tambah 6 Alat Per\u2026,0
@rofiiiiah Kapan rupiah menguat kasus jiwasraya banjir jabodetabek  pembentukan pansus atau panja  kpk yang semakin melemah  kantor pdip gagal digeledah dll,0
Ada empat flood gate sebelum air banjir sempat masuk ke dalam stasiun MRT. https:\/\/t.co\/0qhHykHlpV,0
Itu terlihat dari tingginya pembelian hunian bertingkat ini di beberapa lokasi. https:\/\/t.co\/Bpqw3UeIOG,0
Kalau kamu mencari rumah di perkotaan seperti Jabodetabek (Jakarta Bogor Depok Tangerang Bekasi) salah satu hal yang harus kamu pertimbangkan adalah banjir. https:\/\/t.co\/3gYJnqpiog,0
Antisipasi Banjir UMB Kenalkan Sumur Resapan Berbasis Ecodrain https:\/\/t.co\/jrAJdjStpP,0
RT @jawapos: Antisipasi Banjir UMB Kenalkan Sumur Resapan Berbasis Ecodrain https:\/\/t.co\/jrAJdjStpP,0
Salah satunya ditemukan tandon dan saluran air yang kondisinya dangkal. https:\/\/t.co\/BVBh3QVV9L,0
RT @petabencana: Twips di #Jabodetabek #Bandung &amp #Surabaya kalau kamu kena banjir ayo laporkan dgn twit #banjir ke @petabencana utk me\u2026,0
@FerdinandHaean2 @musniumar @googlenews Kamu itu nyinyir laek... \nBanjir seluruh jabodetabek yang kamu salahkan anis doang itu nyinyir \n\nUrusan pemerintah pusat yang kamu salahkan anis \n\nItu nyinyir laek...,0
RT @psi_id: \u201cSeluruh warga Jakarta diharap waspada. Ada toa yang akan jadi penyelamat banjir. Jakart(o)a.\u201d \n\nBro &amp Sis dukung &amp bantu PSI\u2026,0
RT @ThenBagoess: Sejuta alasan dinyanyikan untuk pindah ibukota:\n1.Jakarta terlalu berat menanggung beban (kayak bisa ngukur aja)\n2.Ibukota\u2026,1
Banjir di wilayah Jakarta pada awal 2020 diprediksi menjadi alasan warga ke depannya memilih apartemen sebagai pilihan hunian. https:\/\/t.co\/DB9713pusv,0
RT @fktmb: https:\/\/t.co\/AkL1Ud6lW8  \nsemoga kelak tidak seramai ibukota jakarta saat banjir ya \ncukup Jakarta saja yg di Gugat &amp di demo s\u2026,0
RT @PolitikToday: Calon Ibu Kota Baru Kebanjiran Netizen: Pindah Ke Mana Lagi Pakde?\n\nBanjir Jakarta akan lebih mudah diatasi kalau Pak Jo\u2026,0
RT @WRahMada: Mbaknya di TIKI sempet bilang bahkan kirim pakaian bekas pajaknya juga mahal.\n\nGw nimpalin lho kalo misalnya gw mau donasi\u2026,0
RT @4Y4NKZ: Di mana2 Banjir bandang Lonsor akibat kerakusan orang2 yg kurang bertanggung jawab dan sulit di cari.\n\nDi jakarta orang kurang\u2026,0
RT @Dandhy_Laksono: Rumah mikro panggung ala arsitek @yusing. Hanya butuh lahan seluas garasi mobil. Didesain untuk warga berpenghasilan UM\u2026,0
ibu-ibu korban banjir mendemo balaikota. Dengan arogansi agama dan dalih acara maulid Anies malah mendatangkan massa lebih besar untuk menghadang para korban banjir\n@dprddkijakarta @PSI_Jakarta\n#UsutSkandalMonasGate\nhttps:\/\/t.co\/5SxHFDTudo,0
RT @Dwiyana_DKM: SIKAP ANIES THD 4 MASALAH BERAT DI JAKARTA\n\n\u2022 Urbanisasi &gt mpersilakan semuanya dtg ke Jakarta utk mcari pekerjaan\n\n\u2022 Banj\u2026,0
Mulai dari uang aibon penanganan banjir yang nggak beres sekarang masalah Monas. Kita sama-sama muak dengan kondisi ini\n#UsutSkandalMonasGate\n@dprddkijakarta @PSI_Jakarta\nhttps:\/\/t.co\/5SxHFDTudo,1
RT @Anna_MaSue: Itu duet maut raja dan ratu yang tinggal di Jawa Barat tapi memprovokasi orang akibat banjir di Jakarta pada kemana ya?\u2026,1
RT @tubirfess: 2beer! Daerah resapan di hulu dialihfungsi jadi perumahan. Akhirnya air gak terserap dan ngalir langsung ke hilir (Jakarta).\u2026,0
5.000 Bantuan Sembako Telah Diberikan Kepada 32 Kelurahan Terdampak Banjir\u2063\n\u2063\nPemerintah Kota Administrasi Jakarta Timur menyalurkan 5.000 paket sembako untuk disebarkan ke 32 kelurahan terdampak banjir pada Kamis\u2026 https:\/\/t.co\/LLlpNp7TXt,0
RT @Airin_NZ: Org Jakarta yg bela gub mengira org2 luar Jakarta pd iri..\ud83d\ude02\ud83d\ude02\nLogika macam apa ini..??\n\nWoyy JKT itu Ibu Kota\nIri..??\ngk lah B\u2026,1
RT @RGFansclub2019: Sibuk bully banjir jakarta ternyata didaerah terjadi banjir bandang karna dampak penebangan hutan.\n\nSibuk menghujat pen\u2026,0
RT @HazmiG: @Bangtoyy1b @msaid_didu Banyak orang luar DKI Jakarta komen Jakarta banjir. Nah ini Jawa Timur dikasih ujian apakah Pemimpin di\u2026,0
beda lokasi yg buat istana di bukit.\napapun pindah ibukota hanya proyek yg dipaksakan.\nbisa berahir seperti kereta cpt bandung jakarta\nunfaedah. hanya bikin masalah disaat kantong apbn kering terjebak hutang\nblm masalah pindahan pegawai dan keluarganya.\n\nhttps:\/\/t.co\/80nxu6ZPWD,0
@Yongskrayy Jakarta banjir mulu wj tenggelem mo nongki dimane kalo lo kejakarta.,0
Alam ini tidak bisa kita rubah sekehendak hati kita dengan dasar perhitungan untung dan rugi.\nAlam juga bisa memperbaiki sendiri lingkungan yang telah dirusak oleh manusia.\nContohnya Jakarta kenapa tiap ganti tahun selalu datang banjir diluar perhitungan manusia? https:\/\/t.co\/M1IsqVOKxr,0
Nih di contoh dong wan banjir.....\nMakanya jgn janji ngibul aja kerja lu. Kalo cuma mau menghancurkan Jakarta mending elu pulamg ke kampung lu di Yaman sono. \n#gubernurterbodoh https:\/\/t.co\/6kuSSVTYmn,1
RT @komunitasanakb1: Mulai dari uang aibon penanganan banjir yang nggak beres sekarang masalah Monas. Kita sama-sama muak dengan kondisi\u2026,1
RT @komunitasanakb1: ibu-ibu korban banjir mendemo balaikota. Dengan arogansi agama dan dalih acara maulid Anies malah mendatangkan massa\u2026,1
RT @HuaweiMobileID: Hi Huawei Fans Ingat kan Huawei High-End Experience Store Mall Taman Anggrek sempat tutup terkait banjir di Jakarta? S\u2026,0
RT @zarazettirazr: Setiap kali dijanjikan ga banjir sm pak jkw biasanya sih tetap banjir. Arsipnya banyak contohnya ya Jakarta :),0
RT @fermendkis: Banjir jakarta\nKebakaran australia\nVirus corona\nWorld war 3 issues\nKobe Gigi\n\nFebruary to January:\n\n\Berat ya,0
RT @spiderr__matrix: Jaka Sembung..!\nProblem  medasar Jakarta adalah :\n1.Banjir\n2.Macet\n3.Kependudukan dan Perumahan\n4.Kesenjangan Sosial\n5\u2026,0
@ihwanbudiawan @RizmaWidiono @DivHumas_Polri @poldametrojaya Pohonnnn...pohon monas mana ..\nGimana ga banjir jakarta...pohon monas ditebang..tanahnya di beton..\nBagaimana mau meresap..\nGlubenernya d*ngo...buzzernya apalagi,1
Smartcitizen sudah tahu belum kalau dalam menganggulangi banjir di Jakarta awal tahun lalu Diskominfotik melalui Jakarta Smart City bersama Organisasi Perangkat Daerah (OPD) saling berkoordinasi menangani banjir? https:\/\/t.co\/ULx5412JaI,0
RT @temponewsroom: DWS Banjir Jakarta https:\/\/t.co\/o4vr9ehpol,0
RT @JSCLounge: Smartcitizen sudah tahu belum kalau dalam menganggulangi banjir di Jakarta awal tahun lalu Diskominfotik melalui Jakarta S\u2026,1
RT @wisanggeni_084: Berkat pasukan langit dan sanjata pamungkas TOA SAKTI 4M banjir pun melarikan diri sebelum di ajak berdialog.\n\nWarga k\u2026,1
@DTanjung15 Jangan jangan emang begitu kejadiannya.....\n#4niesBebalSokHebat,1
RT @IwanBorneo8: @DoanxEwon @ustadtengkuzul Nihhhh zul lu pahami...\nTapi sudahlah... mngkin gak nyampe otak lu...!!\n#AkalBulusRevitalisasiM\u2026,1
RT @kenzopoker2: jawaban yang tidak terduga \ud83e\udd23\nhttps:\/\/t.co\/OzQU9MCKZf\n#INA_CoronaVirusAlert #MeetandGreetYamaha #4niesBebalSokHebat #GRAMMY\u2026,1
RT @Airin_NZ: Di Arab loh ini..\nApa kalian mw lebih arab dari pada nih org\ud83d\udc47\ud83d\ude02\n\nFatwa Arab asli emng sllu beda ya dgn Fatwa Arab maklum\ud83d\ude02\ud83d\ude02\n\n#4\u2026,0
RT @WagimanDeep: Pak Anies \Gubernur Jakarta ngerahkan smua sumber daya yg ada pada diriNya ntuk mastikan daerah ini bebas genangan aer\\nPa\u2026,1
@KefSedd @elHurryKoRn #4niesgabisakerja\n#4niesHancurkanJakarta\n#4niesBebalSokHebat\n#4niesBukanPribumi\nMAKAN GAJI BUTA CUMA HAMBUR HAMBURKAN APBD UANG DARI RAKYAT https:\/\/t.co\/jAaofotW7f,1
RT @alpinsi_pandi: Kalau bisa segera laksanakan @aniesbaswedan sudah byk merugikan warga dki \n#4niesBebalSokHebat \n#4nieslayakdimakzulkan\u2026,1
RT @BikinKocak: CEWEK MANA TAU RASANYA\n\n#INA_CoronaVirusAlert #SnackBoxGratis #MeetandGreetYamaha #4niesBebalSokHebat #GRAMMYs #lucuabisbik\u2026,0
RT @yusuf_dumdum: Terima kasih pak Basuki dan @KemenPU yang sudah kerja keras menguras banjir di underpass Kemayoran.\n\nSaat banjir gabener\u2026,0
RT @yusuf_dumdum: Kemaren waktu Surabaya banjir cuma 2-3 jam kadrun nyinyir. Tapi di Jakarta banjir sampai berhari-hari kadrun malah bilang\u2026,0
RT @yusuf_dumdum: #4niesBebalSokHebat udah mirip kayak polisi India aja. \ud83d\ude02\n\n#4niesBebalSokHebat datang saat banjir sudah surut dan pencitra\u2026,1
Pelaksaan selama ini gk pernah masalahgiliran wan banjiro njabat kok jadi ribet sekda-nya.?\n\nNon jobkan saja..tuman!\nRevitalisasi kok mau izinemang punya e mbah e..?\ud83d\ude01\n\n#4niesBebalSokHebat\n\nhttps:\/\/t.co\/qEcSIV5Zp8,1
Nah kan ketahuan...\nEra #4niesBebalSokHebat pjabat2 pd kbingungan...\n\nMakanya.... DPRD nya action donk.... https:\/\/t.co\/kJcSw0Aot3,1
RT @StovingRed: Di belahan dunia mana ada proyek jalan dulu baru urus ijin?\ndan itu juga ketahuan ga ngantongin ijin tapi proyek ud jalan \u2026,0
@eko_kuntadhi @ryanxyz Herannya kok smpai sekarang gak ada tindakan ya...\nSekuat dan sehebat apa sih si Wan Aibon...???\n#4niesbebalsokhebat \n#4niesLayakDimakzulkan,1
Bahlul mencoba mengelabui Rakyat Beton di tutupi tanah  bagai mana air bs terserap ?  #4niesHancurkanMonas #4niesBebalSokHebat\nhttps:\/\/t.co\/EW2i771mGT,1
@03__nakula Ada #dosademokrat ada #dosapdip juga ada dosa #4niesBebalSokHebat jadi\n#Polisikan4nies\n#Polisikan4nies,0
RT @AminSiregar75: Gak usah tanyain yg seperti Semarang lakukan ke @aniesbaswedan  percuma!!! otaknya gak nyampe...\ud83d\ude06\ud83d\ude06\ud83d\ude06\n#4niesBebalSokHebat\u2026,1
RT @imammustof: @03__nakula Ada #dosademokrat ada #dosapdip juga ada dosa #4niesBebalSokHebat jadi\n#Polisikan4nies\n#Polisikan4nies,1
RT @7nagaO3MT3: Lurah Pekok apkh identik dgn gaberner pekok \u2049\ufe0f\ud83d\ude0a\n#4niesBebalSokHebat \n@WagimanDeep @TheArieAir @BadjaNuswantara @henrijova @\u2026,1
@RizmaWidiono menanam kembali tp kenyataan di lapangan ditebang.... maaf anak SD pun geleng2 kepala klo pohon hasil tebangan ternyata bisa ya ditanam kembali??? #AkalBulusRevitalisasiMonas #4niesBebalSokHebat,1
Semoga segera di proses\n#4niesBebalSokHebat https:\/\/t.co\/w4QvSvA4Wn,0
Wis sak karepmu mas Dani.\nSak muni munimu meski sebenarnya aku lebih suka mendengar musikmu ...\n#4niesBebalSokHebat\n\nPrabowo Masuk Rezim Jokowi Ahmad Dhani: Tanda Pilpres Kemarin Tak Curang https:\/\/t.co\/8BibQdoEtw,0
Cara Ilegal Anies Baswedan Kuasai Monas Melalui Revitalisasi\n#4niesBebalSokHebat\nhttps:\/\/t.co\/Ld3dzlzvoe.,1
Jakarta yg banjir semrawut amburadul belum pantas menyelenggarakan Formula E.\n#4niesBebalSokHebat https:\/\/t.co\/PFOBjpXVQT,1
RT @KakekHalal: Disuruh kerja susah banget malah cerewet bilang kewenangan Pusat.\nGiliran Gundulin Monas gak ingat Pusat. Apa kata2 yg pan\u2026,1
RT @seruanhl: Kalo ane bilang sih @aniesbaswedan wantoa bin aibon ini bukan pahamnya lagi yang salah melainkan otaknya yang kagak berfungs\u2026,1
RT @Mingfan35: @RizmaWidiono menanam kembali tp kenyataan di lapangan ditebang.... maaf anak SD pun geleng2 kepala klo pohon hasil tebangan\u2026,0
RT @ArdianZA_099: Kesombongan di pelihara.\nIya kalo bener. Udah salah msh sok hebat. \nMbok nyadar diri sama kedudukan. Jgn kayak anak SD re\u2026,1
Apakah ini berarti @aniesbaswedan\nharus dipidana seperti kakek ini ?\n\n#4niesHancurkanMonas\n#4nieshancurkanjakarta\n#4niesBebalSokHebat\n#4nieslayakdimakzulkan\n\nCc. @kemendagri \n@KemenPU \nBapak Menteri @mohmahfudmd \nPresiden @jokowi https:\/\/t.co\/zYnzRnWSFr,0
RT @soepono42: Apakah ini berarti @aniesbaswedan\nharus dipidana seperti kakek ini ?\n\n#4niesHancurkanMonas\n#4nieshancurkanjakarta\n#4niesBeba\u2026,0
Saya harus banyak belajar dari kontraktor Monas. Mereka cukup virtual office semua beres.\nsementara saya masih jadul butuh ruang design administrasi workshop gambar workshop material. gudang dll yg butuh 2 ruko 3 lantai. \n#4niesbebalsokhebat\n#4niesHancurkanMonas https:\/\/t.co\/ku8WaYphr5,0
RT @djo_1983: Wis sak karepmu mas Dani.\nSak muni munimu meski sebenarnya aku lebih suka mendengar musikmu ...\n#4niesBebalSokHebat\n\nPrabo\u2026,0
RT @WagimanDeep: \Apakah Kepala Daerah boleh melawan Kepala Negara?..Seharusnya tdak,0
RT @djo_1983: Saya harus banyak belajar dari kontraktor Monas. Mereka cukup virtual office semua beres.\nsementara saya masih jadul butuh\u2026,0
RT @IndoPluralitas: Gubernur Terbodoh\nGubernur Bebal &amp Sok Hebat\nGubernur Perangkai Kata-Kata\nGubernur Ormas \nGubernur Gagal\nGubernur Rasa\u2026,1
RT @WahabisLokal: Maling Maling Maling...!\n\nDirut Baru Trans Jakarta Terpidana Penipuan.\n\nApa2an nih Wan Abud.\nEmang sdh gak ada orang baik\u2026,1
@CH_chotimah @Oh_Ronald Para kadrun sedang panik karena yg dijagokan untuk 2024 nanti malah buat blunder sendiri... Ujung-ujungnya malah menyalahkan orang orang yg berakal sehat.\n#4niesHancurkanMonas\n#4niesBebalSokHebat,1
@pujangga1123 @tjhinfar21 Maksudnya pohon di revitalisasi seperti apa ya? Memangnya pohon yang sudah di tebang bisa di tanam lagi? Coba tanya ke @aniesbaswedan @SuaraAnies \n\n#4niesBebalSokHebat,0
@yusuf_dumdum @DKIJakarta Kalau pentolannya kagak bener.... kebawahnya pasti ikutan kagak bener itu udah pasti \ud83d\ude08\ud83d\ude02\ud83d\ude08 #4nieshancurkanmonas #4niesBebalSokHebat \n#Usutsekdadki\n#UsutSkandalMonasGate\n#UsutTuntasSkandalRevitalisasiMonas,1
Amanah itu berat. Dan kualitas tidak bisa di katrol dengan taburan kata2 indah saja kualitas butuh pembuktian.\n#4niesBebalSokHebat\n#4niesHancurkanMonas\n\nPemenang Sayembara Angkat Bicara Sebut Revitalisasi Monas Tak Harus Tebang Pohon https:\/\/t.co\/yBktVI0SKw,0
RT @jr_kw19: Gabener gak punya malu datang ke lokasi udah surut waktu banjir si doi ngumpet llu bicara seolah2 jd pahlawan yg bertanggung j\u2026,1
RT @Roma13054710: Tujuan dasar Omnibus Law adalah meningkatkan pertumbuhan ekonomi Indonesia\n\n#4niesBebalSokHebat https:\/\/t.co\/IDNr22qulH,0
RT @idtodayco: Warganet Berbondon-bondong Dukung Anies Tagar #KarenaAnisMonasKeren Jadi Trending Di Indonesia\nhttps:\/\/t.co\/zEzLaw56m8,0
@RadenSyuhada8 @932517609KLBg33 Wk wkwkwk .. hidup NU @nahdatululama2 #KarenaAnisMonasKeren,0
RT @pitakonan_jaya: Pembalap Boleh Spanyol Mendominasi MotoGP 2020\u00a0Tapi Soal Kreatif Ma tetap Indonesia Gaess \ud83d\udce3\ud83e\udd17\n.\n.\n.\n#JKWtidakSampai2024\u2026,0
@detikcom Semakin gak jelas ini nanti keberadaan negara RI. Konglomerat Dunia pun akan bs membangun kekuasaan didalam negara.\n#KarenaAnisMonasKeren,1
RT @demoSoCRAZY: Dear Oposisi sejagat twitland\n\nAda tagar BuzzeRp \n#.4niesHancurkanMonas\n\nAyo bareng2 lawan dgn tagar\n#KarenaAnisMonasKere\u2026,0
RT @faktasixdunia: Auto Bangkrut\n#KarenaAnisMonasKeren https:\/\/t.co\/UhJj8SabfP,1
RT @faktasixdunia: Pernah ga lu?\n#KarenaAnisMonasKeren https:\/\/t.co\/0pIWQCoZ7O,0
Cebong makin nyungsep....\n\n#KarenaAnisMonasKeren\n#KarenaAnisMonasKeren\n#KarenaAnisMonasKeren,0
RT @ariikaah1: Tau arti menyerah ga si??\nItu ketika kamu berusaha dan selalu usaha tapi yang kamu usahakan tak kunjung jua dan akhirnya sa\u2026,0
RT @Parew4_Minang: Pemprov DKI merevitalisasi MONAS jadi \Ruang Terbuka Hijau\ terintegrasi dengan transportasi yang diberi nama \PLAZA SEL\u2026,0
@TuanSemaon @BamsBulaksumur Bangke itu kalimantan dibabat buat ibukota #karenaanismonaskeren,1
RT @videolucu55: jadi cowok serba salah ya jon..  sp yang berani tags ceweknya di komentar ?\n#4niesHancurkanMonas\n#4niesHancurkanJakarta\n#R\u2026,0
RT @GakNyerahBRO__: MONAS K E R E N . .\nGoodbener nya @aniesbaswedan\n\nKalau ada yang bilang Monas dihancurin Jangan-jangan lagi nglirik em\u2026,0
RT @Kuncung96: \Raja Hoax\ Jangan bersedih ya #KarenaAnisMonasKeren https:\/\/t.co\/hB15uiLaYS,0
RT @WagimanDeep: Liyat babe ane tadi bawak poster ini di acara #JKTBergerakTurunkanAnies\nSkali2nye ane mau mbikin poling biyar kayak mreka\u2026,0
RT @emma_mbemz: Kadrun2 ga mengakui presiden indonesia.\nMaka sebaiknya pemerintah juga ga usah mengakui nya sebagai warga negara\n#JKTBerge\u2026,1
RT @Candraasmara85: Sambil Menangis Siwi Sidi Bantah Jadi Gundik Bos Garuda\n\nASYIIIK RAME NIH \ud83d\udc4f\ud83c\udfff\ud83d\udc4f\ud83c\udfff\n\nMana ada Maling ngaku Maling ya kan?\u2026,0
RT @rfstnews: Ngaji Filsafat\n\n#NgajiFilsafat #MasjidJendralSudirman #fahruddinfaiz #Yogyakarta #Perdamaian #Indonesia #Twitter #Instagram #\u2026,0
@MudasirRomini @bersatulahnkri @yusuf_dumdum Pak @jokowi  diam aja pun..  Gak ada tindakan kah..???  ke Gaberner @DKIJakarta &gt @aniesbaswedan  yg tidak becus Kerja...  Cc. @kemendagri @KSPgoid @LaporKemendagri\n#RakyatTolakRevitalisasiMonas \n#AniesGabisakerja \n#AniesHancurkanMonas \n#WajibGantiGubernurDki,1
RT @setiawardana21: @MudasirRomini @bersatulahnkri @yusuf_dumdum Pak @jokowi  diam aja pun..  Gak ada tindakan kah..???  ke Gaberner @DKIJa\u2026,1
@rizieqdivist @Hanifah933 @________B1G_K4y \ud83d\ude01\ud83d\ude04\ud83d\ude02 @tvOneNews  itu TGUPP @DKIJakarta  pikiran apa an tuh...???   Bnyk bacot doank...  Gak bisa Kerja...  Cc. @kemendagri @KSPgoid @dprddkijakarta @LaporKemendagri  \u26a0 \u26a0  jangan  diam aja donk....\n#WajibGantiGubernurDki \n#4niesHancurkanJakarta \n#GubernurTerbodoh,1
RT @Dwiyana_DKM: #WajibGantiGubernurDKI\n\nDari dua foto ini gesture mana yg paling menunjukan kedekatan pemimpin dengan warganya? \n\nRetweet\u2026,0
RT @p_politik: Anies digugat warga karena dinilai tdk bisa atasi permasalahan banjir jakarta\n\nSegera #pecataniesbaswedan #WajibGantiGubernu\u2026,0
@Eddianto1 @RizmaWidiono @aniesbaswedan Gaberner Jkt hasil Sara ya gitu deh...  Cc. @kemendagri\n@KSPgoid @dprddkijakarta @LaporKemendagri   \u26a0 \n#AniesGabisakerja \n#WajibGantiGubernurDki,1
@HeriPurwanto99 @RizmaWidiono @aniesbaswedan Gaberner Jkt hasil Pecatan dari menteri ya gitu itu deh... \nCc.  @kemendagri @dprddkijakarta @KSPgoid @LaporKemendagri \n#AniesGabisakerja \n#AniesBebalSokHebat \n#WajibGantiGubernurDki,1
@BiLLRaY2019 @DiantyYasmin3 Gaberner @DKIJakarta  gak tau Malu bngt...  Nge Bacot terus kerjaan nya...  Cc. @kemendagri @KemenPU @dprddkijakarta @KSPgoid @LaporKemendagri \n#AniesBebalSokHebat\n#AniesGabisakerja\n#WajibGantiGubernurDki,1
RT @setiawardana21: @BiLLRaY2019 @DiantyYasmin3 Gaberner @DKIJakarta  gak tau Malu bngt...  Nge Bacot terus kerjaan nya...  Cc. @kemendagri\u2026,1
RT @setiawardana21: @HeriPurwanto99 @RizmaWidiono @aniesbaswedan Gaberner Jkt hasil Pecatan dari menteri ya gitu itu deh... \nCc.  @kemendag\u2026,1
@Pawitnursalim @pujangga1123 @aniesbaswedan Gaberner @DKIJakarta  Melawan aturan... Miris bngt...   Cc. @kemendagri @KSPgoid @dprddkijakarta @LaporKemendagri \n#AniesGabisakerja \n#WajibGantiGubernurDki,1
RT @MigaWempy: Bila dgn mudahnya \nmulutmu mengkafirkan org lain..\nAku yakin..\nKita tak seagama..\nMeskipun terketik sama di ktp..\n\n#WajibGan\u2026,1
@aadhmusic_dadan @B_walwal_B Kalau di potong di batang pohon itu namanya di pindah atau ditebang..??  #UsutTuntasSkandalRevitalisasiMonas #anishancurkanmonas #wajibgantigubernurdki,0
RT @keponakanlucu: Berikut cuplikan video akad nikah ekstrem yg gak tahan gak usah nonton ngeriiii...\nKeanu : Kong engkong BAPAK LU NONT\u2026,0
RT @Queen_Oc09: @eko_kuntadhi Mo risma kek mo emil kek mo ganjar kek..... Bodok amat\nPak Anies pan calon presiden \ud83d\ude0a\ud83d\ude0d\ud83d\udc9e\n\nYang Ga setuju Pak\u2026,0
@KetapangSathu Program wan Aibon bin toahujan takut terbirit-birit dg toaini pikiran wan Aibon bin toa....\nHujan itu berkah bukan setan yg terbirit-birit dengar toa saat azan \n#AniesBaswedanGubernurGagal #aniesgakbisakerja #gantigubernurDKI,0
@WR_4AG226 Wah asyik ada kolam renang baru di Kemayoran cuk...\nDari beberapa tahun lalu g pernah tak liat di under pass ini banjir parah ky ginimana solusi wan Aibon bin toa globokner....\n#AniesBaswedanGubernurGagal #AniesGabisakerja #GubernurTerbodoh #gantigubernurdki,1
RT @tehnunungtea: Jakarta hujan terus cuaca serasa di Bogor enaknya ngapain ?\n\n#GantiGubernurDKI #becandasayang  #terimakasihzaky https:\/\/\u2026,1
@WagimanDeep Contoh gubernur terbodoh yg pernah ada di Indonesia.. Giliran aer masih nge rendem ga tau ngilang kemana tuh manusia.. Giliran aer surut sok action bangke.. Cuih... #pecataniesbaswedan #gantigubernurdki,1
RT @recehankitalahh: 1 kata buat dia ? \ud83e\udd23\ud83d\ude18 #RECEHKANTWITTER #VideoLucu #ngakakkocak #indoviral #iloveyoubanyakbanyak #HumorRecehKu #GantiGub\u2026,1
RT @yoris99: @WagimanDeep Contoh gubernur terbodoh yg pernah ada di Indonesia.. Giliran aer masih nge rendem ga tau ngilang kemana tuh manu\u2026,1
RT @recehankitalahh: auto masuk bk \ud83d\ude02 #RECEHKANTWITTER #Hilang #HumorRecehKu #iloveyoubanyakbanyak #indoviral #ngakakkocak #VideoLucu #Ganti\u2026,0
Jejak Digital Itu Kejam Kawan\n#AniesBebalSokHebat \n#anieskamabinghitam\n#gantigubernurdki https:\/\/t.co\/rbuZlBSTVx,1
RT @rewo_rewoo: Jejak Digital Itu Kejam Kawan\n#AniesBebalSokHebat \n#anieskamabinghitam\n#gantigubernurdki https:\/\/t.co\/rbuZlBSTVx,0
Setelah pohon disehatkan.  Gaberner akan bikin lubang biofori sebanyak 3000. Itu menurutnya bahwa air harus masuk tanah dulu sebelum ke sungai.   3000 lubang senilai 100 milyar.  Makin ancuuurrrrr aja Jakarta.  #gantigubernurdki https:\/\/t.co\/bHY1w9IDFs,0
Copot pejabat &amp berhentikan PJLP Dishub DKI yg merangkap jadi BuzzeRp @DishubDKI_JKT @atcs_jakarta \n#aniesdiserangbuzzeristana https:\/\/t.co\/rgcHyMPd5p,1
Togog bin bacin gagal manin\ud83d\udc38\ud83d\udc3d\ud83d\udca9\n#aniesdiserangbuzzeristana https:\/\/t.co\/lSBdZm2euw,1
@__hacknet @cebonginsaf3 @idtodayco Upaya mengecilkan anies di republik ini sungguh mengerikan moga saja bisa selamat dari jeratan syetan terkutuk #aniesdiserangbuzzeristana,0
RT @Galih_Akek: Dua tahun hanya beretorika dan tata kata sajahasilnya dilihat akhir 2019......\n#Gugat4niesGantiRugi https:\/\/t.co\/w4RBnE8aWP,1
Jika kamu hidup di jakarta berbahagialah.\n\nJika kamu warga jakarta bergembiralah\n\nJika kamu tinggal di jakarta bersyukurlah.\n\nKarena Goodbener @aniesbaswedan sangat menghargai perbedaan dan mencintai seluruh warganya. \nSemuanya diayomi. \n\n#anieskerjanyata https:\/\/t.co\/pA1kY5YUAl,0
@4smara1701 @aniesbaswedan Kalo @aniesbaswedan gubernurnya \n\nBahagia warganya \n\nMeriang hatters nya \n\n#anieskerjanyata \n#aniespresiden2024,0
Si gabener @aniesbaswedan sdh ksh buktinya lhoo...\n#anieskerjanyata #AniesBaswedanGubernurGagal #AniesGabisakerja #aniesmundurlah https:\/\/t.co\/6RbuAA1fY3,1
RT @walisongo063: Jika kamu hidup di jakarta berbahagialah.\n\nJika kamu warga jakarta bergembiralah\n\nJika kamu tinggal di jakarta bersyukurl\u2026,0
@bandabening Emang beda \n\ngubernur yg 'kerja nyata' dgn walkot yg 'kejar rating' ! \n\n#anieskerjanyata,0
@TMCPoldaMetro Pa gimana nih? Ko gak kapok2 ya produksi hoax. Kalian sbg pengayom masyarakat kasih info yg akurat...jangan hanya gak suka sama goodbener indonesia jadi laya gini. Setan apa yang merasukimi #KPK_PDIP_ProduksiHoax #anieskerjanyata,1
Semoga sukses jadi Wagub DKI Jakarta bang anca #cawagubdki #DKIJakarta #anieskerjanyata https:\/\/t.co\/KXXnCbZf0j,1
tolol di negara +62 masih aja ribut ama masalah monas giliran proyek nya udah selesai pada diem semua goblok\n#anieskerjanyata,1
@jr_kw19 Boleh numpang waras ya...\n\n#anieskerjanyata,1
@KadrunHunter99 @aniesbaswedan Emang paling baik tuh pak @aniesbaswedan  #anieskerjanyata,0
Tapi cebong masih missQueen... Contohnya si Kuntet dan Densi.\n\n#anieskerjanyata\n\nAnies: Jakarta Capai Persentase Penduduk Miskin Terkecil dalam 5 Tahun https:\/\/t.co\/3f2IJCNWie,0
@KadrunHunter99 @aniesbaswedan Anies next presiden 2024 \ud83d\udc4d #anieskerjanyata #AniesCerdasMemangHebat #AniesBaswedan,0
Luar Biasa Pembacanya\n\n#anieskerjanyata https:\/\/t.co\/GSSxVjn7Zw,0
@marlina_idha @RoyNasaktion @aniesbaswedan Pemimpin yang bekerja berdasarkan pemahaman dan pengamalan Pancasila\n\n#anieskerjanyata,0
@Takviri Hahaha nggak ngaruh pasti @aniesbaswedan akan lolos dari jebakan setan Krn dia capres potensial 2024 kita liat aja ha bro \ud83e\udd23\ud83e\udd23\ud83d\ude1b #AniesTurunJokowiTumbang #aniesfokuskerja #anieskerjanyata,0
RT @ayahdiar: @Takviri Hahaha nggak ngaruh pasti @aniesbaswedan akan lolos dari jebakan setan Krn dia capres potensial 2024 kita liat aja\u2026,0
Maju kotanya bahagia warganya....\n#anieskerjanyata \n#aniesbaswedan https:\/\/t.co\/4QQErnZice,0
RT @viralterbaroe: Siswa yang rajin...  kerjain gurunya \ud83d\ude1b\ud83e\udd23.\n\n      Please  for\n\ud83d\udc4d LIKE \u221a  FOLLOW \ud83d\udcaf RETWEET\n\n#VideoViral #videolucu #AminPal\u2026,1
Kota Bekasi merupakan daerah contoh sinergi dengan Jakarta.\nhttps:\/\/t.co\/48RCHSc2wQ  #bekasi #anieskerjanyata,0
RT @alpinsi_pandi: @SalmaBrecht @PKSejahtera @kompascom Logika orang goblok n bebal\n#AkalBulusRevitalisasiMonas \n#4nieslayakdimakzulkan,1
Tangkap Anies Baswedan\n#CopotNovelBaswedan\n#4nieslayakdimakzulkan \n@DivHumas_Polri \n@jokowi https:\/\/t.co\/oS5LhAtlLr,1
RT @alpinsi_pandi: @musniumar Bukan hanya layak dipolisikan dia gub bodoh itu jg layak di kpk kan proyek2 dikerjakan semua nilainya mart up\u2026,1
@FerdinandHaean2 @aniesbaswedan Emng yg namanya @aniesbaswedan ini nggilani kok...\n\n#gubernurterbodoh \n#4niesBebalSokHebat \n#4nieslayakdimakzulkan \n#4niesgabecuskerja,0
Kalau bisa segera laksanakan @aniesbaswedan sudah byk merugikan warga dki \n#4niesBebalSokHebat \n#4nieslayakdimakzulkan \n#4niesHancurkanMonas \nAnies Terancam Masuk Bui 3 Hingga10 Tahun https:\/\/t.co\/EcFgVznSBY,0
RT @RicoSan20: Tangkap Anies Baswedan\n#CopotNovelBaswedan\n#4nieslayakdimakzulkan \n@DivHumas_Polri \n@jokowi,1
wan abud liat ini jangan nge les #4niesLayakDimakzulkan https:\/\/t.co\/ASCjZNZw97,0
@WagimanDeep Apapun itu bib\nNyang penting bukan dia gabener nya nyang mimpin TOA empayer \n#4nieslayakdimakzulkan,0
jgn Cuman ancaman  lanjutkan !!... unsur pidana sudah terpenuhi .#4niesHancurkanMonas #4nieslayakdimakzulkan\nhttps:\/\/t.co\/eSJhWWAL8V,0
ya Allah kenapa engkau kirim pemimpin semacam ini. apakah ini teguran untuk jakarta agar tidak semena-mena kepada sesama \n#AniesGabisakerja \n#4nieslayakdimakzulkan \n#4niesmundursajalah \n#4nieshancurkanmonas \n#4niesmundurlah \n#Polisikan4nies \n#Polisikan4niesSegera https:\/\/t.co\/gn3K7uZQfj,1
RT @jagoayam9: ya Allah kenapa engkau kirim pemimpin semacam ini. apakah ini teguran untuk jakarta agar tidak semena-mena kepada sesama \n#A\u2026,1
hancur Monas kebanggaan rakyat Jakarta gegara #gubernurgoblok. Segera #Polisikan4nies! Daripada Jakarta hancur! #4niesLayakDimakzulkan,1
@WagimanDeep Ya daripada #Polisikan4niesSegera memang lebih baik #4niesLayakDimakzulkan,1
Wan aibon #gubernurterbodoh \nSpt preman revitalisasi monas tanpa ijin\n200 pohon katanya mau di pindah.mana?\n3 kesalahan dlm sebulan\nBanjir macet kumuh\nPolusi no 2 Dunia\n#4niesHancurkanMonas #4nieshancurkanjakarta #4niesLayakDimakzulkan #Polisikan4nies \n#Polisikan4niesSegera https:\/\/t.co\/QZbBlnRAcz,1
Gabener sampah !!!\n\n#4niesHancurkanMonas \n#4niesLayakDimakzulkan https:\/\/t.co\/IhIWSRAsqg,1
RT @2024GanjarRisma: Wan aibon #gubernurterbodoh \nSpt preman revitalisasi monas tanpa ijin\n200 pohon katanya mau di pindah.mana?\n3 kesalaha\u2026,1
Mampuslah kalau bawahannya nggak kebagian jatah jawabannya jadi mencla mencle\n#4nieshancurkanmonas #4nieslayakdimakzulkan https:\/\/t.co\/2EfcCyULZI,1
@Bambali_Im @cilik_cebol #AniesSangPerusak\n#anieshancurkanmonas \n#aniesbeliberitamediaonline \n@aniesbaswedan tahunya markup anggaran. https:\/\/t.co\/9nFCvXg1j1,0
@kangdede78 @HmfaqihA @AnakLolina @andy_nomicin @aboutiwe @achzam_prabu @chairulachir @MahinFatavit @RizkiR4madani @VaniaCiprut @adrianSP75 #AniesSangPerusak\n#anieshancurkanmonas \n#aniesbeliberitamediaonline \n@aniesbaswedan tahunya markup anggaran.,0
RT @MarfianoRefi: Daripada mikirin #IranUsa  #AniesBeliBeritaMediaOnline  julidin #gubernurterbodoh .\n\nMendingan kita senam tertawa kuy h\u2026,0
@ustadtengkuzul gabener tolol yg nyedok lumpur pake tangan itu ya?? Jauuh lebih pinter pasukan oranye dari wan abud aibon bin bacot planga plongo\ud83e\udd23\ud83e\udd23\ud83e\udd23\ud83e\udd23\nmau pencitraan tapi malah semakin terlihat tololnya #gubernurterbodoh,1
@detikcom @bakarricaicha1 Ocehan demi ocehan wan bacot wan aibon wan banjir wan toa yg tak berkesudahan yg penuh dgn pembodohan dan tipu2 semakin menambah buruk polusi udara tsb!!\nDasar #GubernurTerbodoh!!,1
@WahabisLokal Perampok bermulut manis\nBui cocok buat mu\nPanteslah kamu dpt gelar #gubernurterbodoh  persi gugeell.\n#AkalBulusRevitalisasiMonas \n#AkalBulusRevitalisasiMonas,1
RT @TPFID: Polling yuk...\n\nSiapa #GubernurTerbodoh versi netizen ?\n\n1. Anies Baswedan ( Like )\n2. AHOK ( Retweet ) https:\/\/t.co\/HSqmv9wSUD,1
@Restichayah Dapat Salam dari #GubernurTERBODOH nii..   \ud83d\ude05 https:\/\/t.co\/1Ey7Ngmqbj,0
@permadiaktivis @Princ3Kuragin @basuki_btp @jokowi Nyindir #gubernurterbodoh ya mas?,0
@Uki23 Nyindir #gubernurterbodoh ya mas???,0
RT @apocalypsoblitz: @ustadtengkuzul gabener tolol yg nyedok lumpur pake tangan itu ya?? Jauuh lebih pinter pasukan oranye dari wan abud ai\u2026,1
@demithbunton @gunakun @kurawa Tanah Abang saat ini yg semakin semrawut.. \n\nKarena dipimpin #gubernurterbodoh https:\/\/t.co\/AynJ3ZOEiA,1
@jr_kw19 Hancurkan #gubernurterbodoh  sampe ke akar2 nya.....!!!\n#Polisikan4niesSegera \n#Polisikan4niesSegera \n#Polisikan4niesSegera \n\n#Polisikan4nies,1
@Paman_Gembul1 @JJBedegong @PutraMerdeka9 @Fahmibisyir @PantunJ2P @aniesbaswedan @tamanhutandki @DKIJakarta G usah dilayani pengikut2-nya yg suka dibooongi ngustad2 pemuja khilafah \ud83d\udc4e\ud83d\udc4e\ud83d\udc4e\n\n#GubernurTerbodoh\n#StopRevitalisasiMonas,1
RT @jumianto_RK: @demithbunton @gunakun @kurawa Tanah Abang saat ini yg semakin semrawut.. \n\nKarena dipimpin #gubernurterbodoh https:\/\/t.co\u2026,1
RT @permadiaktivis: Lagi heboh Gubernur Terbodoh kemarin sampai 200rb penelusuran di Google \ud83d\ude03 sekarang kita polling aja versi netijen. menu\u2026,0
RT @santoso25179155: Tips....Utk Warga DKI...!!! \nBagi Warga DKI Yg Punya Mobil Biar Aman Dari Bahaya Banjir Mobil Diplastikin Dan Diratai\u2026,0
Selamat kepada Anis Baswedan atas julukan Gubernur terbodoh sedunia versi Google #gubernurterbodoh,0
@Galinggaling2 @T_jail @aniesbaswedan Tiga gubernur DKI sebelumnya punya izin revitalisasi monas kecuali si gubernur paling suci @aniesbaswedan yg tdk kantongi izin tsb. Saat pak jokowi jadi gubernur itu presidennya SBY. Kalian mau salahkan SBY?\n\nBenar google kalo anies itu memang #GubernurTerbodoh,1
@bdjarot51 @kurawa Namanya juga #gubernurterbodoh,0
@bdjarot51 @kurawa Pas musim hujan yg ada jakarta direndam oleh @aniesbaswedan #gubernurterbodoh,0
Nih baca @DKIJakarta @aniesbaswedan !!!\n\n#gubernurterbodoh \n\nPemenang Sayembara Angkat Bicara Sebut Revitalisasi Monas Tak Harus Tebang Pohon https:\/\/t.co\/JdBqc6gqQa,1
Cc @KemensetnegRI @kemendagri @DKIJakarta @aniesbaswedan @KemenPU \n\n#gubernurterbodoh \n\nFakta Baru Tak Ada Rencana Penebangan Pohon dalam Desain Asli Revitalisasi Monas https:\/\/t.co\/mpuQKKXdxv,0
RT @Rentonized: Cc @KemensetnegRI @kemendagri @DKIJakarta @aniesbaswedan @KemenPU \n\n#gubernurterbodoh \n\nFakta Baru Tak Ada Rencana Peneban\u2026,0
@demagog_inc @luviku Ngak susah kalau #gubernurterbodoh nya mau kerja dan meneruskan normalisasi...,1
@mochamadarip yang bodo itu para cebonger.....!!!!(\ud83d\ude4f\ud83d\ude4f\ud83d\ude4f)\n#gubernurterbodoh ...ngebahasnya ya dgn sesama kadrun......!!!!,1
@conan_idn @jokowi @idtodayco Lah bukanya kata gubernur seiman air hujan itu dimasukan ketanah bukan dialirkan kelaut??belanda mengalirkan air kelaut drunko ngambil cobtoh dari negara kafir drunapa itu ga melawan sunatullah??\ud83e\udd23\ud83e\udd23\ud83e\udd23\n#gubernurterbodoh,1
@woelannnn bgaimana dgn #gubernurterbodoh \nyg menebang pohon tp sdh di bahas dengan WAN BANGO....!!!\ud83d\ude25\ud83d\ude25\ud83d\ude25\nMohon pencerahan....!!!!,0
@WagimanDeep Dinas Kehutanan kek Dinas Pertamanan kek Dinas Kebersihan kek Dinas apapun namanya...\nBukankah itu semua SKPD dibawah instruksi\n#gubernurterbodoh,0
@seruanhl Wan Aibon lagi sibuj nyari kambing yg warna item.\n#gubernurterbodoh,1
@Dwiyana_DKM Singkirkan #gubernurterbodoh .....!!!\n#UsutTuntasSkandalRevitalisasiMonas\n#UsutTuntasSkandalRevitalisasiMonas\n #Polisikan4niesSegera \n #Polisikan4niesSegera,1
RT @wennvar1: @Dwiyana_DKM Singkirkan #gubernurterbodoh .....!!!\n#UsutTuntasSkandalRevitalisasiMonas\n#UsutTuntasSkandalRevitalisasiMonas\n #\u2026,1
JAKARTA\n       MAJU BERSAMA\n\nGoodBenar...PemimpinNya\nMajuKoteNye..\nSenangWargaNye..\nGembiraPengunjungNye...\n#4niesdatangindonesiasenang \n#4niesdatangindonesiasenang https:\/\/t.co\/I6GnAl0KKH,1
JAKARTA\n   MAJU BERSAMA\n\nKeberagaman karakter kehidupan...\nKebersamaan dengan warga..\nSelalu menjadi..hal yang terbaik dalam bekerja..\nGoodBenar..PemimpinNya..\n#4niesdatangindonesiasenang \n#RezimMudharatUnfaedah https:\/\/t.co\/DzsfnKtnEE,1
Partai ini bener\u00b2 julid apa gunanya kalian ada wakil di DPRD DKI gunakan hak anggota dewanmu untuk usut masalah ini tau mekanisme gak sih ?\ud83e\udd74\ud83e\udd74\ud83e\udd74 !!!\n\nParte sampah peradaban negeri +62\n\n#KawalTerusJiwasrayaGate\n#TerimaKasihFPI\n#PeduliLebak\n#4niesDatangIndonesiaSenang \n\n\u2b07\u2b07 https:\/\/t.co\/shMCYMm1eT,0
Katanya punya visi sama makanya dukung &amp pilih Jokowi di Pilpres 2019. \nSekarang merasa dibodohi?\n.\n.\n SelamatDibodohiTerus5TahunLagi\n\n#KawalTerusJiwasrayaGate\n#TerimaKasihFPI\n#PeduliLebak\n#4niesDatangIndonesiaSenang \n#KopiManis #Copman\n#IslamBerjayaKembali \n\u2b07\u2b07 https:\/\/t.co\/SllU0aYIso,0
Begini kronologi penyiksaan yg diterima Lutfi..\n\nDipaksa mengaku melempar batu .\n.\n#KawalTerusJiwasrayaGate\n#TerimaKasihFPI\n#PeduliLebak\n#4niesDatangIndonesiaSenang \n#KopiManis #Copman\n#IslamBerjayaKembali \n#ConquestOfConstantinople\n#GlobalCampaign1453\n\n\u2b07\u2b07 https:\/\/t.co\/kYQRZRIAj7,0
Kpd yth Pak @jokowi i dan Pak @prabowo  btw Mana yang 11.000 Triliun itu? \ud83e\udd14\n\n#KawalTerusJiwasrayaGate\n#TerimaKasihFPI\n#PeduliLebak\n#4niesDatangIndonesiaSenang \n#KopiManis #Copman\n#IslamBerjayaKembali \n#ConquestOfConstantinople\n#GlobalCampaign1453\n\n\u2b07\u2b07 https:\/\/t.co\/69NyuHmt8L,0
Daripada menghujat banjir sebagai warga yg baik kita buat solusi sendiri bikin biopori. Coba ditiap rumah dibuat minimal 3 lubang biopori maka 100 rumah akan ada 300 lubang resapan.. kan keren tuh.. \ud83d\ude4f\ud83c\uddf2\ud83c\udde8\ud83d\ude01\n#BanjirJakarta2020 #AniesBaswedan \n#4niesdatangindonesiasenang https:\/\/t.co\/rIB0AOHjg2,0
Jum'at Mubarak\nSenyumMu..menghadirkan rasa.aman.. nyaman..damai.\nGoodBenar..PemimpinNya\n#4niesdatangindonesiasenang \n# https:\/\/t.co\/9vrpZM0bWg,0
JAKARTA\n     MAJU BERSAMA\n\nJakarteImlekan..\nMajuKoteNye..\nSenangWargaNye..\nGembiraPengunjungNye..\nGoodBenar..PemimpinNye..\n#4niesdatangindonesiasenang https:\/\/t.co\/zbWQ9EFpvb,0
JAKARTA...\n     MAJU BERSAMA\n\nGONG XI FA CAI 2571\nGoodBenar..PemimpinNye..\nMajuKoteNye..\nSenangWargeNye..\nGembira..PengunjungNye..\n#4niesdatangindonesiasenang \n#4niesdatangindonesiasenang https:\/\/t.co\/h60bUmdx9Q,0
Duduk dan Berdiskusi santai dengan Para Petinggi Negara Dunia.. \nPadahal Pak Anies hanyalah seorang Gubernur.. \nApa jadinya jika Pak Anies sebagai Seorang Presiden..?? \ud83d\ude01\ud83d\ude01\n\n#KawalTerusJiwasrayaGate\n#TerimaKasihFPI\n#PeduliLebak\n#4niesDatangIndonesiaSenang\n\n\u2b07\u2b07 https:\/\/t.co\/CNOZsnPtpI,0
JAKARTA\n   MAJU BERSAMA\nULAMA WAL UMARO2020\nKeberagaman karakter kehidupan...\nKebersamaan dengan warga..\nSelalu menjadi..hal yang terbaik dalam bekerja..\nGoodBenar..PemimpinNya..\n#4niesdatangindonesiasenang \n#RezimMudharatUnfaedah https:\/\/t.co\/iDznf5DAw5,0
RJ. Lino..Tersangka Kasus Korupsi Pengadaan barang di Pelindo sejak tahun 2015 belum ditahan juga..\ud83d\ude01\n\nApa perlu tunggu tersangka Modyaaarrrr.... \ud83e\udd23\ud83e\udd23\n\nhttps:\/\/t.co\/tQCSwU3J1x\n\n#KawalTerusJiwasrayaGate\n#TerimaKasihFPI\n#PeduliLebak\n#4niesDatangIndonesiaSenang \n\u2b07\u2b07 https:\/\/t.co\/Mw7oHn6c6w,0
Demokrat halu..?? \ud83e\udd2d\n\nkita2 juga paham om kalo semua bermuara di Istana..\n\nOm Mul yang halu.. dulu bisa jadi Panglima TNI hanya di era Pak beyeh..\n\nhalu ya Om..\ud83e\udd23\n\nhttps:\/\/t.co\/LJPKGjG2b4\n\n#KawalTerusJiwasrayaGate\n#TerimaKasihFPI\n#PeduliLebak\n#4niesDatangIndonesiaSenang \n\u2b07\u2b07 https:\/\/t.co\/64fgfAUSuk,0
siapa yang berbohong  media atau jokowi ??!!!!!!!\n\n#KawalTerusJiwasrayaGate\n#TerimaKasihFPI\n#PeduliLebak\n#4niesDatangIndonesiaSenang \n#KopiManis #Copman\n#IslamBerjayaKembali \n#ConquestOfConstantinople\n#GlobalCampaign1453\n\n\u2b07\u2b07 https:\/\/t.co\/lWY4s1scFo,0
Jakarta\nMajuBersama..\nGoodBenar..PemimpinNya\nBerjuang tanpa lelah...\nBekerja..dan bekerja..\n\n#4niesdatangindonesiasenang\n#4niesdatangindonesiasenang https:\/\/t.co\/R2yxG1OZvz,0
JAKARTA...\nMAJUBERSAMA..\nGOODBENAR..PEMIMPINNYE..\nMajuKoteNye..\nSenangWargaNye..\nGembiraPengunjungNye..\n#4niesdatangindonesiasenang \n#4niesdatangindonesiasenang https:\/\/t.co\/ondLxbKhtt,0
Clear...\nMission Accomplished\nAlhamdulillah..\nGoodBenar..PemimpinNye..\n#4niesdatangindonesiasenang\n#4niesdatangindonesiasenang https:\/\/t.co\/tBAI4hlXEE,0
RT @fuckoflove123: Banyak Janji Boleh asal di tepati\nBanyak omong Boleh asal di buktiin\n\n#4niesDatangIndonesiaSenang \n#4niesDatangIndonesia\u2026,0
LelahMu...\nMenjadi..Lillah..\nWal Maghfiroh..\ud83e\udd32\nJAKARTA...\nMAJUBERSAMA..\nGubernurIndonesia\nBapak 4niesRasyidBaswedan\n#4niesdatangindonesiasenang \n#4niesdatangindonesiasenang https:\/\/t.co\/8g21DHW7PA,0
J A K A R T A\nM A J U B E R S A M A\nGoodBenar..PemimpinNye..\n#4niesdatangindonesiasenang \n#4niesdatangindonesiasenang https:\/\/t.co\/J0k1MJAYxz,0
@KadrunHunter99 Ape..lu..kate..\nDibayar..\nMate..lu..soek..\n#4niesdatangindonesiasenang https:\/\/t.co\/HYEvEjtCJy,0
JAKARTA\nMAJU BERSAMA\nGoodBenar..PemimpinNya\n#4niesdatangindonesiasenang\n#4niesdatangindonesiasenang https:\/\/t.co\/LnIsnl2WsU,0
@geiszchalifah Do'aBersama..\nCuss...jmput rakyatNya..\n..\WUHAN JIAYOU\..\n#4niesdatangindonesiasenang \n#4niesdatangindonesiasenang,0
RT @Galihzainur1: Titik Paling Mengerikan Di Saat Semua Berkumpul Dg agenda Mengerikan Anis Bersama FPI DAN Riziq Shihab Bersatu dg Rencana\u2026,0
Memang klakuan anak buah itu gimana atasan nya...hadeuuuhhhh\n#4niesgabecuskerja #4niesmundurjakartateratur https:\/\/t.co\/NX67urYbrN,1
Komen negatif terus para pendukung Gub GOBLOK biar TENAR di Medsos!\n\n#4niesHancurkanJakarta #4niesHancurkanMonas #4niesMundurJakartaTeratur #RakyatTolakRevitalisasiMonas https:\/\/t.co\/vlj9LuYvrr,1
Sepertinya ada yg salah dengan JKT...\n\n#4niesmundurjakartateratur https:\/\/t.co\/AFK9uRAzWq,0
RT @RizmaWidiono: Petisi Copot Anies Baswedan Sudah Diteken 215 Ribu Orang.\n\nMundurlah Pak @aniesbaswedan agar Jakarta bisa segera ditata o\u2026,1
@aher28_annie @MTuhasan @paramadina @Kemdikbud_RI @DKIJakarta @jokowi @prabowo Koq frustasi lihat #4niesmundurjakartateratur ????.... https:\/\/t.co\/ROJTm9kqLV,1
@WahabisLokal #4nieslayakdimakzulkan #4niesmundurjakartateratur pecat wan gabut amies @aniesbaswedan @fahiraidris,1
@iwan02007 @MissOposisi @aniesbaswedan @1RAWANAJA @DKIJakarta Gabener sampah ahli rangkai kata \ud83d\ude0a\n#AniesGabisakerja\n#4niesHancurkanMonas\n#4nieslayakdimakzulkan\n#4niesmundursajalah\n#4niesharusmundur\n#4nieshancurkanjakarta\n#4niesmundurjakartateratur\n#4niesSangManipulator\n#4niesBebalSokHebat,1
@Bangzul__88 @manuel_agil @YMakhas @japung1976 @rudysound @babegalak1 @naafi_al @Hasnizar13 @hendrasofy @MilitanGL Monasku kini botak di gunduli !?\nMonasku sekarang gersang dan tandus !?\nMonasku nggak hijau nggak hijau lagi !?\nMonasku nggak perawan nggak perawan lagi !? \nKembalikan monasku yang asri seperti dulu lagi !\nJAKARTA TERKONTAMINASI \n#4niesmundurjakartateratur\n#SaveMonasSaveJakarta,0
RT @Aryprasetyo85: #4niesMundurJakartaTeratur\nHotman Paris Ajak Ajukan Gugatan Class Action soal Banjir ke Pemprov DKIIni Prosedur Pengaju\u2026,1
RT @AriestaRiico: Himbauan Bang @hotmanParis kpd seluruh LBH &amp masyarakat  bisa ajukan class action secara bersama sama atas kerugian mater\u2026,0
@Anna_MaSue Kedengkian sering membutakan mata hati untuk melihat kebaikan dan kebenaran #AniesFokusKerja,0
\ud83e\udd2dini yg bgini ngaku profesor...???\nMenjabat menko Polhukam pula cara mikirnya cuma sgini...\n\ud83d\ude44Hadeeehhh....\nRasanya Indonesia sudah kehabisan orang pintar dan jujur\ud83e\udd2d\n#aniesfokuskerja https:\/\/t.co\/Keu1IFRJ6Y,0
#aniesfokuskerja \nIni baru pemimpin calon presiden 2024 insyaallah di berikan kemudahan untuk menjadi presiden rindu presiden yg berwibawa merakyat jujur amanah dan berprestasi tentunya\ud83e\udd23\ud83e\udd23bosen sm yg pencitraan doank bisanya\ud83e\udd23\ud83e\udd23 https:\/\/t.co\/6cWRXNf2zx,0
@hudattamini @ustadtengkuzul Loe Arab BaCin (Babu Cina) Kenapa pada waktu revitalisasi Lapangan Banteng yg menebangi Ribuan Pepohonan loe diam..Iya krn loe babu Si Ahok Si penista Agama Islam..Dan menurut keterangan proyek MRT yg menebangi 92 pohon di monas &amp akan ditanami 920 pohon #aniesfokuskerja https:\/\/t.co\/dMdkt1AiPn,1
@vcar1982 @CarlesSimanjun5 @k4kar0t0 @ustadtengkuzul Pipis di celana dia Bang.. BaCin beraninya cuman di medsos aja #aniesfokuskerja https:\/\/t.co\/M47ybOj0iV,1
RT @KekuatanB: #aniesfokuskerja \nIni baru pemimpin calon presiden 2024 insyaallah di berikan kemudahan untuk menjadi presiden rindu preside\u2026,0
@wartapoLitik Phuji_an itu nama propinsi banjir lho bingung gue #aniesfokuskerja,1
Dasar bani togog anggota pki mereka gak henti2 nya nyebarin fitnah ke gubernur DKI @aniesbaswedan  \n smoga Alloh kirimkan virus ketubuhnya bagi penyebar hoax ini.\n#aniesfokuskerja https:\/\/t.co\/wf6EXTvkT4,1
\Nah anak buah saya dari pagi udah standby enggak ada (banjir). Dari pagi udah saya suruh tongkrongin tuh Sudirman Thamrin sama termasuk Medan Merdeka jadi laporannya enggak ada (banjir) seperti yang di foto,0
@aniesbaswedan sekalian rombak istana negara.. kan ada dijakarta jadi suka suka luh. #HentikanRevitalisasiMonas #4niesgabecuskerja #aniesfokuskerja  #anieshancurkanmonas,1
RT @babgei1971: @hudattamini @ustadtengkuzul Loe Arab BaCin (Babu Cina) Kenapa pada waktu revitalisasi Lapangan Banteng yg menebangi Ribuan\u2026,1
@4smara1701 @mas__piyuuu @aniesbaswedan Kau beritahu atau tidak kau beritahu mereka tetap tidak mau mengerti karena digantinya ada penyakit dengki iri #AniesFokusKerja,0
@Adriazah1 @MSApunya @aniesbaswedan Yess..seorang lelaki sejati tak akan lepas tanggung jawab \n#aniesfokuskerja,0
Anies \dilanda banjir\ serangan kritik.\n#INA_CoronaVirusAlert #AniesGabisakerja #aniesfokuskerja #BanjirJakarta2020 #banjirjabodetabek #anies #kaukus #politik #demokrasi #kaukustokrasi https:\/\/t.co\/j87pBoqDqw,0
They always look for the mistakes of the good leader\n#aniesfokuskerja\nDjarot Tebang 2.551 Pohon Dibela Anies Pindahkan 900 Pohon Dibully Buzzer Memang Edan! https:\/\/t.co\/2RuvePim0P,0
@updateanies @regezs13 @aniesbaswedan Bila jabatan telah disemat lengan baju telah digulung...boot telah dipakai pantang pulang sebelum surut...mantab bener gubernur gue...bukan pemimpin kaleng2\n\n#aniesfokuskerja #aniesfokuskerja,0
@marlina_idha @aniesbaswedan Mau tanya kawasan itu wilayah pusat atau pemprov???\nTrus yg terkesan mau lari dari tanggung jwb?\nJangan manis nya aja di ambil\nGiliran banjir di serahkan pd orang lain\n#aniesfokuskerja,0
@marlina_idha Bahagia benar warganya krn semakin maju kotanya...output dari pemilih cerdas mendpt pemimpin cerdas dan insya Allah istiqomah amanah \n\n#aniesfokuskerja,0
RT @regezs13: @DEQLZ1012 @zr0n @aniesbaswedan @DKIJakarta Bacins Mania Lapar Galak Kenyang Bego...\nKalo yg ini Lapar Kenyang sama Begoknya\u2026,0
@KATADATAcoid @aniesbaswedan mwnyedihkanAnies dikroyok rame\ #aniesfokuskerja,0
@ustadtengkuzul Cara pandang partai moncong putih melihat sesuatu ibarat pepatah \Semut diseberang lautan tampak Gajah di pelupuk mata tidak kelihatan\\nYang terang benderang membakar hutan di Sumatera dan Kalimantan di biarkan.\n#AniesFokusKerja\n#AniesFokusKerja,0
Karena Anies itu goodbener...meooong.\n\n#AniesSebarProyek #AniesGabisakerja #aniesbaswedangubernurgagal #anies #anieslayakdimakzulkan #aniesfokuskerja #politikk #Jokowi #JokowiMaruf2019 #Jokowi2Periode #JokowiMaruf #jokowikamisandimana #jokowibasmikorupsi \n\nhttps:\/\/t.co\/s46VKv7BW5,0
@geiszchalifah Maklumlah @aniesbaswedan kan Gubernur Indonesia jadi banjir dimana2 tetep dia nyang disalahin. \n#aniesfokuskerja \n#aniesfokuskerja,0
Ternyata Negeri Kadrun menemukan anti-virus Corona Kecebong #Polisikan4nies hanya cari proyek aja.\n#aniesfokuskerja,1
@marlina_idha @aniesbaswedan Bikin meriang manusia2 yg didalam hatinya penuh kedengkian....#aniesfokuskerja,0
@Stevaniehuangg @resmawati_eyis Sudah Di Ras massal aja akun\u00b2 Buzzer Rp spt @resmawati_eyis ini  Dilaporkan akun tsbt mengandung hate speech biar diblokir tweeter #aniesfokuskerja,1
@eko_kuntadhi Anak kafir disini koar koar sama pak anies.bandung jateng gak kalian colekoh iya kan proyek nya di jakarta nasi bungkus cebong\nPadahal pak #aniesfokuskerja,1
Baca ah biar Ga asal bacot Ga asal ngegas..!!\n#aniesfokuskerja\n#100HariUnfaedah\n https:\/\/t.co\/4lU9jWkCgZ,1
RT @seruanhl: Sehebat-hebatnya Surabaya dalam hal mengolah sampah maka tetap jauh lebih hebat warga DKI Jakarta yang bisa menyulap sampah\u2026,0
RT @Airin_NZ: Kata Ahok\nPenak toh jamanku jadi Gubernur..??\ud83d\ude02\ud83d\ude02\n\nGw setuju dengan ucapan Ahok ini..\n\nJika kalian juga setuju. Ayoo RT\ud83d\ude02\ud83d\ude02\n\n#4n\u2026,0
@coffeeandme_ @DKIJakarta @aniesbaswedan Udah gitu dibilang berkah sama pasukan nasi bungkus yang dapet honor 40 rebuan \nDie yang seneng gue yang kerendem \n\n#4niesmundurlah,0
Kedunguan Gubernur &amp Walikotanya Sepadan Pemimpin Seperti Ini Masih Mau Dipaertahankan???\n#4niesmundurlah \n#banjirjakarta4niesdimana\n\nhttps:\/\/t.co\/pMIOp9KGRH,1
RT @kang_kayu: Kedunguan Gubernur &amp Walikotanya Sepadan Pemimpin Seperti Ini Masih Mau Dipaertahankan???\n#4niesmundurlah \n#banjirjakarta4n\u2026,1
Omnibus law ciptakan lapangan kerja ...\n.\n.\n.\n#Kick4niesSaveWarga #4niesMundurlah #WisataHalalAlaKadrun #SelamatNatalSobatNKRI #jokowi #BersihkanKampusDariHTI #SumutBerani #indonesia #TolakAgendaKhilafahFPI https:\/\/t.co\/Iq08oktcRp,0
Tidak akan susah cari kerja setelah kuliah ...\n.\n.\n.\n#Kick4niesSaveWarga #4niesMundurlah #WisataHalalAlaKadrun #SelamatNatalSobatNKRI #jokowi #BersihkanKampusDariHTI #SumutBerani #indonesia #TolakAgendaKhilafahFPI #KapolriBasmiRadikalis https:\/\/t.co\/zEpfC6Us33,0
@FaGtng Juara ngeles dan mencari kambing hitam lempar kesalahan dan jago pencitraan #4niesmundurlah #4niesHancurkanMonas #GubernurTerbodoh,1
@Candraasmara85 @MTuhasan 4nies senang melihat wajah wajah bahagia ini\n\n#4niesmundurlah,0
RT @satrio_swr: @Candraasmara85 @MTuhasan 4nies senang melihat wajah wajah bahagia ini\n\n#4niesmundurlah,0
Milenial pasti dukung omnibus law....\n.\n.\n.\n#Kick4niesSaveWarga #4niesMundurlah #WisataHalalAlaKadrun #SelamatNatalSobatNKRI #jokowi #BersihkanKampusDariHTI #SumutBerani #indonesia #TolakAgendaKhilafahFPI #KapolriBasmiRadikalis #LaguLamaKambingHitam #DamaiNatalDamaiDiHati https:\/\/t.co\/13K3i1J0Kz,0
RT @Dwiyana_DKM: Wouy ini sapa yg bikin \ud83e\udd23\ud83e\udd23\n\n#4niesMundurlah https:\/\/t.co\/J912IJtiB5,0
Pemerintah terus berupaya menjaga masyarakat tetap aman...\n.\n.\n.\n#Kick4niesSaveWarga #4niesMundurlah #WisataHalalAlaKadrun #SelamatNatalSobatNKRI #jokowi #BersihkanKampusDariHTI #SumutBerani #indonesia #TolakAgendaKhilafahFPI #KapolriBasmiRadikalis #LaguLamaKambingHitam https:\/\/t.co\/I9aO06sOlB,0
Omnibus law dpaat mempermudah mendapatkan pekerjaan...\n.\n.\n.\n#Kick4niesSaveWarga #4niesMundurlah #WisataHalalAlaKadrun #SelamatNatalSobatNKRI #jokowi #BersihkanKampusDariHTI #SumutBerani #indonesia #TolakAgendaKhilafahFPI #KapolriBasmiRadikalis #LaguLamaKambingHitam https:\/\/t.co\/u3gonj8rnH,0
Omnibus law memberikan jaminan industri ramah lingkungan...\n.\n.\n.\n#Kick4niesSaveWarga #4niesMundurlah #WisataHalalAlaKadrun #SelamatNatalSobatNKRI #jokowi #BersihkanKampusDariHTI #SumutBerani #indonesia #TolakAgendaKhilafahFPI #KapolriBasmiRadikalis #LaguLamaKambingHitam https:\/\/t.co\/jsY8MjQ5TE,0
Presiden jokowi terus mengupayakan masyarakat indonesia aman...\n.\n.\n.\n#Kick4niesSaveWarga #4niesMundurlah #WisataHalalAlaKadrun #SelamatNatalSobatNKRI #jokowi #BersihkanKampusDariHTI #SumutBerani #indonesia #TolakAgendaKhilafahFPI #KapolriBasmiRadikalis https:\/\/t.co\/ixuj8ap7mH,0
UMKM Siap dongkrak ekonomi...\n.\n.\n.\nKick4niesSaveWarga #4niesMundurlah #WisataHalalAlaKadrun #SelamatNatalSobatNKRI #jokowi #BersihkanKampusDariHTI #omnibuslaw https:\/\/t.co\/yEvmGI3rN8,0
Omnibus Law permudah cari kerja...\n.\n.\n.\nKick4niesSaveWarga #4niesMundurlah #WisataHalalAlaKadrun #SelamatNatalSobatNKRI #jokowi #BersihkanKampusDariHTI #omnibuslaw https:\/\/t.co\/xcWkThoT5g,1
Mari cegah virus corona...\n.\n.\n.\nKick4niesSaveWarga #4niesMundurlah #WisataHalalAlaKadrun #SelamatNatalSobatNKRI #jokowi #BersihkanKampusDariHTI #omnibuslaw https:\/\/t.co\/pnDj43pQjC,0
Meningkatkan perekonomian negara dengan Omnibus Law ...\n.\n.\n.\nKick4niesSaveWarga #4niesMundurlah #WisataHalalAlaKadrun #SelamatNatalSobatNKRI #jokowi #BersihkanKampusDariHTI #omnibuslaw https:\/\/t.co\/68HgDJ7ws4,0
Semakin DEKAT arah #4nieslayakdimakzulkan\ndengan TEGAS pimpinan @mprgoid\nBpk @BamSoet2019 dalam Pernyataannya terkait TATA KELOLA @DKIJakarta\nyg AMBURADUL\n\n#4niesHancurkanMonas\n#4niesBebalSokHebat\n#4niesharusmundur\n#4cumamodalKEPALABATU\n#4niesmundurlah\n\nhttps:\/\/t.co\/qMHo6THGNJ,0
RT @BJ__ROBIN: Semakin DEKAT arah #4nieslayakdimakzulkan\ndengan TEGAS pimpinan @mprgoid\nBpk @BamSoet2019 dalam Pernyataannya terkait TATA K\u2026,0
Dukung omnibus law ... \nDukung perkembangan UMKM...\n.\n.\n.\n#Kick4niesSaveWarga #4niesMundurlah #WisataHalalAlaKadrun #SelamatNatalSobatNKRI #jokowi #BersihkanKampusDariHTI #omnibuslaw #indonesia #TolakAgendaKhilafahFPI #KapolriBasmiRadikalis #LaguLamaKambingHitam https:\/\/t.co\/AgXJahE7Os,0
Waspada hoax provokasi menjatuhkan omnibus law... \n.\n.\n.\n#Kick4niesSaveWarga #4niesMundurlah #WisataHalalAlaKadrun #SelamatNatalSobatNKRI #jokowi #BersihkanKampusDariHTI #omnibuslaw #indonesia #TolakAgendaKhilafahFPI https:\/\/t.co\/xoGSS94GoW,0
RT @opiniwongcilik: Dukung omnibus law ... \nDukung perkembangan UMKM...\n.\n.\n.\n#Kick4niesSaveWarga #4niesMundurlah #WisataHalalAlaKadrun #Se\u2026,0
Berikut beberapa hoaks terkait virus corona...\n.\n.\n.\n#Kick4niesSaveWarga #4niesMundurlah #omnibuslaw #SelamatNatalSobatNKRI #jokowi #BersihkanKampusDariHTI #omnibuslaw #indonesia https:\/\/t.co\/REhT0FjYlD,0
Mari dukung omnibus law demi masa depan negara yang lebih baik....\n.\n.\n.\n#Kick4niesSaveWarga #4niesMundurlah #omnibuslaw #SelamatNatalSobatNKRI #jokowi #BersihkanKampusDariHTI #omnibuslaw #indonesia https:\/\/t.co\/PRSIuQSOSV,0
Mari dukung omnibus law demi masa depan negara yang lebih baik....\n.\n.\n.\n#Kick4niesSaveWarga #4niesMundurlah #omnibuslaw #SelamatNatalSobatNKRI #jokowi #BersihkanKampusDariHTI #omnibuslaw #indonesia https:\/\/t.co\/WeHZAWU3US,0
RT @drzaidulakbar: ada yang masih suka gorengan ? \ntentu saja gorengan sendiri mengandung tepung dan minyak. \n.\n.\n#gorengan #tepung #reseps\u2026,0
Manfaat omnibus Law bagi UMKM...\n.\n.\n.\n#Kick4niesSaveWarga #4niesMundurlah #omnibuslaw #SelamatNatalSobatNKRI #jokowi #BersihkanKampusDariHTI #omnibuslaw #indonesia https:\/\/t.co\/FYjhzXrpMU,0
Omnibus Law kedepannya dapat meningkatkan perkembangan badan usaha...\n.\n.\n.\n#Kick4niesSaveWarga #4niesMundurlah #omnibuslaw #SelamatNatalSobatNKRI #jokowi #BersihkanKampusDariHTI #omnibuslaw #indonesia https:\/\/t.co\/uKGg1rVvuT,0
monas udah porak poranda baru mau konsultasi setelah didesak dan dibilang g tertib aturan. ente sehat wan?\n#AniesGabisakerja\n#4niesmundursajalah\n#4nieshancurkanmonas\n#4niesmundurlah\n#Polisikan4nies\n#Polisikan4niesSegera\n\nCheck out this Vidy - https:\/\/t.co\/KxWcrF00lL,0
Omnibus Law mencerahkan masa depan buruh...\n.\n.\n.\n#Kick4niesSaveWarga #4niesMundurlah #omnibuslaw #SelamatNatalSobatNKRI #jokowi #BersihkanKampusDariHTI #omnibuslaw #indonesia https:\/\/t.co\/Z3chHMlIvp,1
Pemerintah siapkan evakuasi warga indonesia di wuhan...\n.\n.\n.\n#Kick4niesSaveWarga #4niesMundurlah #omnibuslaw #SelamatNatalSobatNKRI #jokowi #BersihkanKampusDariHTI #omnibuslaw #indonesia https:\/\/t.co\/XYqLd0Ywzf,0
@Bangzul__88 Pemprov itu isinya apa ya sekrg ??? Serius nanya aq ... kok ya saling mendukung tp mreka lupa netizen tuh pinter2 ... pemprov shame on you... \ud83d\udc4e\ud83d\udc4e\ud83d\udc4e\ud83d\udc4e\n#4niesHancurkanJakarta \n#4niesHancurkanMonas \n#shameonyou4nies,1
@aniesbaswedan @DKIJakarta @humasjakfire @dinaslhdki @DinasSDAJakarta @BinaMargaDKI @DishubDKI_JKT Perasaan yg kerja bukan team dari Pemprov deh wan \nDari kemaren beberapa hari tergenang loe ngga ada action \nSampe akhirnya pemerintah Pusat turun tangan terus elu klaim itu kerjaan ente .\n#JakartaLangitBiru\n#shameonyou4nies\nhttps:\/\/t.co\/PdVxSpPNqw,1
RT @StovingRed: @aniesbaswedan @DKIJakarta @humasjakfire @dinaslhdki @DinasSDAJakarta @BinaMargaDKI @DishubDKI_JKT Perasaan yg kerja bukan\u2026,1
@akira_sby99 Haadoohh ini suaminya kmn yah  ngk takut apa ntar kena minyak kulitnya \ud83d\ude22\ud83d\ude22\n#4niesHancurkanMonas \n#4niesgabecuskerja,0
RT @gregdewanto: @kurawa Biar di-bully.. \ud83d\ude01\ud83e\udd23\ud83d\ude0b\n#4niesSangManipulator \n#4niesHancurkanMonas \n#4niesHancurkanJakarta \n#4niesGaBecusKerja \n#4nie\u2026,1
Walau dihantam Taggar\n#4niesSangManipulator \n#4niesHancurkanMonas \n#4nieslayakdimakzulkan \n#4niesGaBecusKerja  dll\n\nTetap gak ngaruh &amp menggatalkan coba buat tagar baru #hare mungkin bs mempan\n\n#4niesRencanaKudeta\n#4niesAduDombaPribumi\n(mangkelpol) \n\nhttps:\/\/t.co\/WoUWtyWeNi,1
RT @BabahnoA: Walau dihantam Taggar\n#4niesSangManipulator \n#4niesHancurkanMonas \n#4nieslayakdimakzulkan \n#4niesGaBecusKerja  dll\n\nTetap ga\u2026,1
@aniesbaswedan ada air di kolam ikan tapi Jakarta Banjir melulu sampai bikin warga marah karena 4nies sering nyebar Proyek Pakai Hasil Maling Duit. \n\nMendingan Anda Berenang di Kolam Banjir. \n\n#4niesTheKingOfDrama #4niesHancurkanMonas #4niesgabecuskerja https:\/\/t.co\/f9DWSsijPp,0
@ChicPurple2 @ummychasan @JJO_Majalengka @ridwankamil @aniesbaswedan jhieee...jhiee ade nyang protes jieee...\ud83d\ude05\n\nbiase nyang kagak nyadar kalo #4niesHancurkanJakarta karena\n#4niesgabecuskerja \nPakabar Oke Oc mencret?\nudh berapa rakyat miskin DKI yg punya rumah dgn DP 0%??\n\nBisa jawab???,1
Ide paling brilian dr dia adalah toa. Kita yg normal akhirnya mau mengerti ide toa itu pdhal sblmnya ngakak\ud83d\ude02. Tp trnyata ide toa pun blm dieksekusi.\n\nEmg gabisa kerja.\n\nMotivasinya beda sama yg sblmnya.\n\n#4niesgabecuskerja,1
sekali berbohong akan seterusnya berbohong untuk menutupi kebohongan2 sebelumnya...\n#4niesSangManipulator\n#4niestukangbohong\n#4niesgabecuskerja https:\/\/t.co\/dWozn2q0Xp,0
RT @satyasuryawan: sekali berbohong akan seterusnya berbohong untuk menutupi kebohongan2 sebelumnya...\n#4niesSangManipulator\n#4niestukangbo\u2026,0
@RizmaWidiono @aniesbaswedan Wan aibon tidak dalam posisi untuk menjawab kata2 dengan kata2 tapi menjawab kata2 dengan fakta.\nFaktanya : \n#JakartaBanjir \n#4niesHancurkanMonas \n#4niesHancurkanJakarta \n#4niesgabecuskerja \n#RakyatTolakRevitalisasiMonas,0
@Dennysiregar7 @jokowi Akan tiba karmanya...... Tidak lama lagi..\n#4niesHancurkanMonas \n#4niesSangManipulator \n#4niesthekingofdrama \n#4niesgabecuskerja,0
Sesuai dengan janji Wan Bacot mempersembahkan kolam di Jakarta perlahan2x mulai terwujud #MonasBanjir #4niesHancurkanMonas #GongXiFaCaiSobatNKRI #4niesgabecuskerja #4nieshancurkanjakarta https:\/\/t.co\/CyilSj9RX2,1
